#
# There is insufficient memory for the Java Runtime Environment to continue.
# Native memory allocation (mmap) failed to map 295698432 bytes for G1 virtual space
# Possible reasons:
#   The system is out of physical RAM or swap space
#   The process is running with CompressedOops enabled, and the Java Heap may be blocking the growth of the native heap
# Possible solutions:
#   Reduce memory load on the system
#   Increase physical memory or swap space
#   Check if swap backing store is full
#   Decrease Java heap size (-Xmx/-Xms)
#   Decrease number of Java threads
#   Decrease Java thread stack sizes (-Xss)
#   Set larger code cache with -XX:ReservedCodeCacheSize=
#   JVM is running with Unscaled Compressed Oops mode in which the Java heap is
#     placed in the first 4GB address space. The Java Heap base address is the
#     maximum limit for the native heap growth. Please use -XX:HeapBaseMinAddress
#     to set the Java Heap base and to place the Java Heap above 4GB virtual address.
# This output file may be truncated or incomplete.
#
#  Out of Memory Error (os_windows.cpp:3564), pid=19384, tid=19008
#
# JRE version: Java(TM) SE Runtime Environment (17.0.20+7) (build 17.0.20+7-LTS-191)
# Java VM: Java HotSpot(TM) 64-Bit Server VM (17.0.20+7-LTS-191, mixed mode, sharing, tiered, compressed oops, compressed class ptrs, g1 gc, windows-amd64)
# No core dump will be written. Minidumps are not enabled by default on client versions of Windows
#

---------------  S U M M A R Y ------------

Command Line: --add-opens=java.base/java.lang=ALL-UNNAMED --add-opens=java.base/java.lang.invoke=ALL-UNNAMED --add-opens=java.base/java.util=ALL-UNNAMED --add-opens=java.prefs/java.util.prefs=ALL-UNNAMED --add-exports=jdk.compiler/com.sun.tools.javac.api=ALL-UNNAMED --add-exports=jdk.compiler/com.sun.tools.javac.util=ALL-UNNAMED --add-opens=java.base/java.util=ALL-UNNAMED --add-opens=java.prefs/java.util.prefs=ALL-UNNAMED --add-opens=java.base/java.nio.charset=ALL-UNNAMED --add-opens=java.base/java.net=ALL-UNNAMED --add-opens=java.base/java.util.concurrent=ALL-UNNAMED --add-opens=java.base/java.util.concurrent.atomic=ALL-UNNAMED --add-opens=java.xml/javax.xml.namespace=ALL-UNNAMED --add-opens=java.base/java.time=ALL-UNNAMED -XX:MaxMetaspaceSize=512m -Xmx2048m -Dfile.encoding=windows-1252 -Duser.country=IN -Duser.language=en -Duser.variant -javaagent:C:\Users\surya\.gradle\wrapper\dists\gradle-9.3.1-bin\23ovyewtku6u96viwx3xl3oks\gradle-9.3.1\lib\agents\gradle-instrumentation-agent-9.3.1.jar org.gradle.launcher.daemon.bootstrap.GradleDaemon 9.3.1

Host: AMD Ryzen 5 5500U with Radeon Graphics         , 12 cores, 5G,  Windows 11 , 64 bit Build 26100 (10.0.26100.8875)
Time: Tue Jul 28 21:14:16 2026 India Standard Time elapsed time: 299.002026 seconds (0d 0h 4m 59s)

---------------  T H R E A D  ---------------

Current thread (0x000001b1e9bf9af0):  VMThread "VM Thread" [stack: 0x0000004407e00000,0x0000004407f00000] [id=19008]

Stack: [0x0000004407e00000,0x0000004407f00000]
Native frames: (J=compiled Java code, j=interpreted, Vv=VM code, C=native code)
V  [jvm.dll+0x67f26a]
V  [jvm.dll+0x7df21b]
V  [jvm.dll+0x7e0b5e]
V  [jvm.dll+0x7e11e3]
V  [jvm.dll+0x247f0f]
V  [jvm.dll+0x67c269]
V  [jvm.dll+0x670f92]
V  [jvm.dll+0x3072b0]
V  [jvm.dll+0x307152]
V  [jvm.dll+0x30e8c6]
V  [jvm.dll+0x35e43e]
V  [jvm.dll+0x35e66d]
V  [jvm.dll+0x2de148]
V  [jvm.dll+0x2dc589]
V  [jvm.dll+0x2dbd5c]
V  [jvm.dll+0x31ea6b]
V  [jvm.dll+0x7e59eb]
V  [jvm.dll+0x7e6714]
V  [jvm.dll+0x7e6c3e]
V  [jvm.dll+0x7e7035]
V  [jvm.dll+0x7e710e]
V  [jvm.dll+0x7903ca]
V  [jvm.dll+0x67e145]
C  [ucrtbase.dll+0x2cd30]
C  [KERNEL32.DLL+0x2e957]
C  [ntdll.dll+0xaad6c]

VM_Operation (0x000000440bbfd420): G1CollectForAllocation, mode: safepoint, requested by thread 0x000001b1f16db3f0


---------------  P R O C E S S  ---------------

Threads class SMR info:
_java_thread_list=0x000001b1f1342170, length=191, elements={
0x000001b1c958b750, 0x000001b1e9bff050, 0x000001b1e9c01b20, 0x000001b1e9c18fb0,
0x000001b1e9c19870, 0x000001b1e9c1a130, 0x000001b1e9c1a9f0, 0x000001b1e9c1f600,
0x000001b1e9c2ff10, 0x000001b1e9c34c30, 0x000001b1ee094ba0, 0x000001b1ee14a950,
0x000001b1ef3fb510, 0x000001b1efed93e0, 0x000001b1efe9a490, 0x000001b1ef1389a0,
0x000001b1efe70db0, 0x000001b1efe73290, 0x000001b1efe75050, 0x000001b1efe3bcc0,
0x000001b1efe3a4b0, 0x000001b1efe3c190, 0x000001b1efe39fe0, 0x000001b1efe3a980,
0x000001b1efe38ca0, 0x000001b1efe39640, 0x000001b1efe3b7f0, 0x000001b1efe3ae50,
0x000001b1efe3b320, 0x000001b1f16d5880, 0x000001b1f16d4070, 0x000001b1f16d7560,
0x000001b1f16d7090, 0x000001b1f16d6bc0, 0x000001b1f16d5d50, 0x000001b1f16d7a30,
0x000001b1f16d7f00, 0x000001b1f16d4540, 0x000001b1f16d83d0, 0x000001b1f16d66f0,
0x000001b1f16d4a10, 0x000001b1f16d9240, 0x000001b1f16daa50, 0x000001b1f16da0b0,
0x000001b1f16d88a0, 0x000001b1f16daf20, 0x000001b1f16db3f0, 0x000001b1f16d8d70,
0x000001b1f16d9be0, 0x000001b1f16da580, 0x000001b1f16db8c0, 0x000001b1f16d9710,
0x000001b1f23be6d0, 0x000001b1f23bd860, 0x000001b1f23bd390, 0x000001b1f23bdd30,
0x000001b1f23be200, 0x000001b1f23bc520, 0x000001b1f23beba0, 0x000001b1f23bf070,
0x000001b1f23bf540, 0x000001b1f23bc9f0, 0x000001b1f23bfa10, 0x000001b1f23bc050,
0x000001b1f23bcec0, 0x000001b1f051d770, 0x000001b1f051c900, 0x000001b1f051c430,
0x000001b1f051cdd0, 0x000001b1f051ef80, 0x000001b1f051e110, 0x000001b1f051bf60,
0x000001b1f051f920, 0x000001b1f051d2a0, 0x000001b1f051fdf0, 0x000001b1f051dc40,
0x000001b1f0521fa0, 0x000001b1f0522470, 0x000001b1f0522940, 0x000001b1f0522e10,
0x000001b1f05232e0, 0x000001b1f033a2e0, 0x000001b1f033c490, 0x000001b1f033ce30,
0x000001b1f033c960, 0x000001b1f033d300, 0x000001b1f033baf0, 0x000001b1f033e170,
0x000001b1f033a7b0, 0x000001b1f033bfc0, 0x000001b1f033e640, 0x000001b1f033efe0,
0x000001b1f033eb10, 0x000001b1f033b620, 0x000001b1f033f4b0, 0x000001b1f0341660,
0x000001b1f033f980, 0x000001b1f0340320, 0x000001b1f0341b30, 0x000001b1f0341190,
0x000001b1f033fe50, 0x000001b1f03407f0, 0x000001b1f0340cc0, 0x000001b1f2e61530,
0x000001b1f2e61ed0, 0x000001b1f2e62870, 0x000001b1f2e61a00, 0x000001b1f2e61060,
0x000001b1f2e623a0, 0x000001b1f2e62d40, 0x000001b1f2e66700, 0x000001b1f2e63bb0,
0x000001b1f2e65d60, 0x000001b1f2e653c0, 0x000001b1f2e64080, 0x000001b1f2e636e0,
0x000001b1f2e64550, 0x000001b1f2e65890, 0x000001b1f2e64a20, 0x000001b1f2e64ef0,
0x000001b1f2e66230, 0x000001b1f2e66bd0, 0x000001b1f2e670a0, 0x000001b1f2e688b0,
0x000001b1f2e67a40, 0x000001b1f2e67570, 0x000001b1f2e67f10, 0x000001b1f2e683e0,
0x000001b1efeaf880, 0x000001b1efeb0bc0, 0x000001b1efeb06f0, 0x000001b1efeb1090,
0x000001b1efeaeee0, 0x000001b1efeaea10, 0x000001b1efeafd50, 0x000001b1efeaf3b0,
0x000001b1efeb0220, 0x000001b1efeb1560, 0x000001b1efeadba0, 0x000001b1efeae070,
0x000001b1efeb1a30, 0x000001b1efeb1f00, 0x000001b1efeb3be0, 0x000001b1efeae540,
0x000001b1efeb28a0, 0x000001b1efeb40b0, 0x000001b1efeb2d70, 0x000001b1efeb23d0,
0x000001b1efeb3240, 0x000001b1efeb3710, 0x000001b1efeb4580, 0x000001b1efeb4a50,
0x000001b1efeb53f0, 0x000001b1efeb4f20, 0x000001b1ee35bf20, 0x000001b1ee35b580,
0x000001b1ee35a240, 0x000001b1ee35ba50, 0x000001b1ee3593d0, 0x000001b1ee358560,
0x000001b1ee358f00, 0x000001b1ee35c3f0, 0x000001b1ee35b0b0, 0x000001b1ee358a30,
0x000001b1ee35c8c0, 0x000001b1ee3598a0, 0x000001b1ee35cd90, 0x000001b1ee35d260,
0x000001b1ee359d70, 0x000001b1ee35dc00, 0x000001b1ee35e0d0, 0x000001b1ee35a710,
0x000001b1ee35ef40, 0x000001b1ee35e5a0, 0x000001b1ee35f410, 0x000001b1ee35f8e0,
0x000001b1ee35ea70, 0x000001b1ee35fdb0, 0x000001b1f2726450, 0x000001b1f2727790,
0x000001b1f2725ab0, 0x000001b1f2726920, 0x000001b1f27272c0, 0x000001b1f2728600,
0x000001b1f2724c40, 0x000001b1f272a7b0, 0x000001b1f272c490, 0x000001b1f2729940,
0x000001b1f2729e10, 0x000001b1f272a2e0, 0x000001b1f033dca0
}

Java Threads: ( => current thread )
  0x000001b1c958b750 JavaThread "main" [_thread_blocked, id=24244, stack(0x0000004407800000,0x0000004407900000)]
  0x000001b1e9bff050 JavaThread "Reference Handler" daemon [_thread_blocked, id=24176, stack(0x0000004407f00000,0x0000004408000000)]
  0x000001b1e9c01b20 JavaThread "Finalizer" daemon [_thread_blocked, id=19960, stack(0x0000004408000000,0x0000004408100000)]
  0x000001b1e9c18fb0 JavaThread "Signal Dispatcher" daemon [_thread_blocked, id=11632, stack(0x0000004408100000,0x0000004408200000)]
  0x000001b1e9c19870 JavaThread "Attach Listener" daemon [_thread_blocked, id=22020, stack(0x0000004408200000,0x0000004408300000)]
  0x000001b1e9c1a130 JavaThread "Service Thread" daemon [_thread_blocked, id=23520, stack(0x0000004408300000,0x0000004408400000)]
  0x000001b1e9c1a9f0 JavaThread "Monitor Deflation Thread" daemon [_thread_blocked, id=21896, stack(0x0000004408400000,0x0000004408500000)]
  0x000001b1e9c1f600 JavaThread "C2 CompilerThread0" daemon [_thread_blocked, id=22432, stack(0x0000004408500000,0x0000004408600000)]
  0x000001b1e9c2ff10 JavaThread "C1 CompilerThread0" daemon [_thread_blocked, id=23460, stack(0x0000004408600000,0x0000004408700000)]
  0x000001b1e9c34c30 JavaThread "Sweeper thread" daemon [_thread_blocked, id=11408, stack(0x0000004408700000,0x0000004408800000)]
  0x000001b1ee094ba0 JavaThread "Common-Cleaner" daemon [_thread_blocked, id=18536, stack(0x0000004408800000,0x0000004408900000)]
  0x000001b1ee14a950 JavaThread "Notification Thread" daemon [_thread_blocked, id=24472, stack(0x0000004408900000,0x0000004408a00000)]
  0x000001b1ef3fb510 JavaThread "Daemon health stats" [_thread_blocked, id=7156, stack(0x0000004408f00000,0x0000004409000000)]
  0x000001b1efed93e0 JavaThread "Incoming local TCP Connector on port 61048" [_thread_in_native, id=23396, stack(0x0000004409000000,0x0000004409100000)]
  0x000001b1efe9a490 JavaThread "Daemon periodic checks" [_thread_blocked, id=23900, stack(0x0000004409100000,0x0000004409200000)]
  0x000001b1ef1389a0 JavaThread "Daemon" [_thread_blocked, id=11736, stack(0x0000004409200000,0x0000004409300000)]
  0x000001b1efe70db0 JavaThread "Handler for socket connection from /127.0.0.1:61048 to /127.0.0.1:61049" [_thread_in_native, id=16920, stack(0x0000004409300000,0x0000004409400000)]
  0x000001b1efe73290 JavaThread "Cancel handler" [_thread_blocked, id=19504, stack(0x0000004409400000,0x0000004409500000)]
  0x000001b1efe75050 JavaThread "Daemon worker" [_thread_blocked, id=13876, stack(0x0000004409500000,0x0000004409600000)]
  0x000001b1efe3bcc0 JavaThread "Asynchronous log dispatcher for DefaultDaemonConnection: socket connection from /127.0.0.1:61048 to /127.0.0.1:61049" [_thread_blocked, id=20780, stack(0x0000004409600000,0x0000004409700000)]
  0x000001b1efe3a4b0 JavaThread "Stdin handler" [_thread_blocked, id=9436, stack(0x0000004409700000,0x0000004409800000)]
  0x000001b1efe3c190 JavaThread "Daemon client event forwarder" [_thread_blocked, id=17508, stack(0x0000004409800000,0x0000004409900000)]
  0x000001b1efe39fe0 JavaThread "Cache worker for journal cache (C:\Users\surya\.gradle\caches\journal-1)" [_thread_blocked, id=8772, stack(0x0000004409e00000,0x0000004409f00000)]
  0x000001b1efe3a980 JavaThread "File lock request listener" [_thread_in_native, id=19236, stack(0x0000004409f00000,0x000000440a000000)]
  0x000001b1efe38ca0 JavaThread "Cache worker for file hash cache (C:\Users\surya\.gradle\caches\9.3.1\fileHashes)" [_thread_blocked, id=6356, stack(0x000000440a000000,0x000000440a100000)]
  0x000001b1efe39640 JavaThread "Cache worker for file hash cache (C:\Lalataksha V Company\Ev scooter\ev-scooter-app\EVSCOOTER\android\.gradle\9.3.1\fileHashes)" [_thread_blocked, id=21080, stack(0x000000440a300000,0x000000440a400000)]
  0x000001b1efe3b7f0 JavaThread "Cache worker for Build Output Cleanup Cache (C:\Lalataksha V Company\Ev scooter\ev-scooter-app\EVSCOOTER\android\.gradle\buildOutputCleanup)" [_thread_blocked, id=23804, stack(0x000000440a400000,0x000000440a500000)]
  0x000001b1efe3ae50 JavaThread "File watcher server" daemon [_thread_in_native, id=2316, stack(0x000000440a500000,0x000000440a600000)]
  0x000001b1efe3b320 JavaThread "File watcher consumer" daemon [_thread_blocked, id=22368, stack(0x000000440a600000,0x000000440a700000)]
  0x000001b1f16d5880 JavaThread "Cache worker for checksums cache (C:\Lalataksha V Company\Ev scooter\ev-scooter-app\EVSCOOTER\android\.gradle\9.3.1\checksums)" [_thread_blocked, id=9060, stack(0x000000440a700000,0x000000440a800000)]
  0x000001b1f16d4070 JavaThread "Cache worker for file content cache (C:\Users\surya\.gradle\caches\9.3.1\fileContent)" [_thread_blocked, id=22340, stack(0x000000440a800000,0x000000440a900000)]
  0x000001b1f16d7560 JavaThread "Cache worker for cache directory md-supplier (C:\Users\surya\.gradle\caches\9.3.1\md-supplier)" [_thread_blocked, id=22084, stack(0x000000440a900000,0x000000440aa00000)]
  0x000001b1f16d7090 JavaThread "Cache worker for cache directory md-rule (C:\Users\surya\.gradle\caches\9.3.1\md-rule)" [_thread_blocked, id=19868, stack(0x000000440aa00000,0x000000440ab00000)]
  0x000001b1f16d6bc0 JavaThread "jar transforms" [_thread_blocked, id=13020, stack(0x000000440ad00000,0x000000440ae00000)]
  0x000001b1f16d5d50 JavaThread "Cache worker for Build Output Cleanup Cache (C:\Lalataksha V Company\Ev scooter\ev-scooter-app\EVSCOOTER\node_modules\@react-native\gradle-plugin\.gradle\buildOutputCleanup)" [_thread_blocked, id=16668, stack(0x000000440af00000,0x000000440b000000)]
  0x000001b1f16d7a30 JavaThread "Unconstrained build operations" [_thread_blocked, id=22596, stack(0x000000440b000000,0x000000440b100000)]
  0x000001b1f16d7f00 JavaThread "Unconstrained build operations Thread 2" [_thread_blocked, id=19620, stack(0x000000440b100000,0x000000440b200000)]
  0x000001b1f16d4540 JavaThread "Unconstrained build operations Thread 3" [_thread_blocked, id=12952, stack(0x000000440b200000,0x000000440b300000)]
  0x000001b1f16d83d0 JavaThread "Unconstrained build operations Thread 4" [_thread_blocked, id=20932, stack(0x000000440b300000,0x000000440b400000)]
  0x000001b1f16d66f0 JavaThread "Unconstrained build operations Thread 5" [_thread_blocked, id=15148, stack(0x000000440b400000,0x000000440b500000)]
  0x000001b1f16d4a10 JavaThread "Unconstrained build operations Thread 6" [_thread_blocked, id=14912, stack(0x000000440b500000,0x000000440b600000)]
  0x000001b1f16d9240 JavaThread "Unconstrained build operations Thread 7" [_thread_blocked, id=22376, stack(0x000000440b600000,0x000000440b700000)]
  0x000001b1f16daa50 JavaThread "Unconstrained build operations Thread 8" [_thread_blocked, id=4456, stack(0x000000440b700000,0x000000440b800000)]
  0x000001b1f16da0b0 JavaThread "Unconstrained build operations Thread 9" [_thread_blocked, id=16212, stack(0x000000440b800000,0x000000440b900000)]
  0x000001b1f16d88a0 JavaThread "Unconstrained build operations Thread 10" [_thread_blocked, id=21500, stack(0x000000440b900000,0x000000440ba00000)]
  0x000001b1f16daf20 JavaThread "Unconstrained build operations Thread 11" [_thread_blocked, id=21016, stack(0x000000440ba00000,0x000000440bb00000)]
  0x000001b1f16db3f0 JavaThread "Unconstrained build operations Thread 12" [_thread_blocked, id=18348, stack(0x000000440bb00000,0x000000440bc00000)]
  0x000001b1f16d8d70 JavaThread "Unconstrained build operations Thread 13" [_thread_blocked, id=3356, stack(0x000000440bc00000,0x000000440bd00000)]
  0x000001b1f16d9be0 JavaThread "Unconstrained build operations Thread 14" [_thread_blocked, id=11812, stack(0x000000440bd00000,0x000000440be00000)]
  0x000001b1f16da580 JavaThread "Unconstrained build operations Thread 15" [_thread_blocked, id=20444, stack(0x000000440be00000,0x000000440bf00000)]
  0x000001b1f16db8c0 JavaThread "Unconstrained build operations Thread 16" [_thread_blocked, id=9748, stack(0x000000440bf00000,0x000000440c000000)]
  0x000001b1f16d9710 JavaThread "Unconstrained build operations Thread 17" [_thread_blocked, id=10992, stack(0x000000440c000000,0x000000440c100000)]
  0x000001b1f23be6d0 JavaThread "Unconstrained build operations Thread 18" [_thread_blocked, id=9752, stack(0x000000440c100000,0x000000440c200000)]
  0x000001b1f23bd860 JavaThread "Unconstrained build operations Thread 19" [_thread_blocked, id=2860, stack(0x000000440c200000,0x000000440c300000)]
  0x000001b1f23bd390 JavaThread "Unconstrained build operations Thread 20" [_thread_blocked, id=22628, stack(0x000000440c300000,0x000000440c400000)]
  0x000001b1f23bdd30 JavaThread "Unconstrained build operations Thread 21" [_thread_blocked, id=20912, stack(0x000000440c400000,0x000000440c500000)]
  0x000001b1f23be200 JavaThread "Unconstrained build operations Thread 22" [_thread_blocked, id=15952, stack(0x000000440c500000,0x000000440c600000)]
  0x000001b1f23bc520 JavaThread "Unconstrained build operations Thread 23" [_thread_blocked, id=9052, stack(0x000000440c600000,0x000000440c700000)]
  0x000001b1f23beba0 JavaThread "Unconstrained build operations Thread 24" [_thread_blocked, id=2216, stack(0x000000440c700000,0x000000440c800000)]
  0x000001b1f23bf070 JavaThread "Unconstrained build operations Thread 25" [_thread_blocked, id=10132, stack(0x000000440c800000,0x000000440c900000)]
  0x000001b1f23bf540 JavaThread "Unconstrained build operations Thread 26" [_thread_blocked, id=19668, stack(0x000000440c900000,0x000000440ca00000)]
  0x000001b1f23bc9f0 JavaThread "Unconstrained build operations Thread 27" [_thread_blocked, id=8076, stack(0x000000440ca00000,0x000000440cb00000)]
  0x000001b1f23bfa10 JavaThread "Unconstrained build operations Thread 28" [_thread_blocked, id=24020, stack(0x000000440cb00000,0x000000440cc00000)]
  0x000001b1f23bc050 JavaThread "Unconstrained build operations Thread 29" [_thread_blocked, id=7620, stack(0x000000440cc00000,0x000000440cd00000)]
  0x000001b1f23bcec0 JavaThread "Unconstrained build operations Thread 30" [_thread_blocked, id=23104, stack(0x000000440cd00000,0x000000440ce00000)]
  0x000001b1f051d770 JavaThread "Unconstrained build operations Thread 31" [_thread_blocked, id=8972, stack(0x000000440ce00000,0x000000440cf00000)]
  0x000001b1f051c900 JavaThread "Unconstrained build operations Thread 32" [_thread_blocked, id=1508, stack(0x000000440cf00000,0x000000440d000000)]
  0x000001b1f051c430 JavaThread "Unconstrained build operations Thread 33" [_thread_blocked, id=1104, stack(0x000000440d000000,0x000000440d100000)]
  0x000001b1f051cdd0 JavaThread "Unconstrained build operations Thread 34" [_thread_blocked, id=20940, stack(0x000000440d100000,0x000000440d200000)]
  0x000001b1f051ef80 JavaThread "Unconstrained build operations Thread 35" [_thread_blocked, id=17084, stack(0x000000440d200000,0x000000440d300000)]
  0x000001b1f051e110 JavaThread "Unconstrained build operations Thread 36" [_thread_blocked, id=18544, stack(0x000000440d300000,0x000000440d400000)]
  0x000001b1f051bf60 JavaThread "build event listener" [_thread_blocked, id=5580, stack(0x000000440d400000,0x000000440d500000)]
  0x000001b1f051f920 JavaThread "Memory manager" [_thread_blocked, id=23680, stack(0x000000440d500000,0x000000440d600000)]
  0x000001b1f051d2a0 JavaThread "Problems report writer" [_thread_blocked, id=24392, stack(0x000000440d600000,0x000000440d700000)]
  0x000001b1f051fdf0 JavaThread "ForkJoinPool.commonPool-worker-1" daemon [_thread_blocked, id=21800, stack(0x000000440d900000,0x000000440da00000)]
  0x000001b1f051dc40 JavaThread "ForkJoinPool.commonPool-worker-3" daemon [_thread_blocked, id=16240, stack(0x000000440db00000,0x000000440dc00000)]
  0x000001b1f0521fa0 JavaThread "ForkJoinPool.commonPool-worker-5" daemon [_thread_blocked, id=23508, stack(0x000000440dd00000,0x000000440de00000)]
  0x000001b1f0522470 JavaThread "ForkJoinPool.commonPool-worker-7" daemon [_thread_blocked, id=8404, stack(0x000000440df00000,0x000000440e000000)]
  0x000001b1f0522940 JavaThread "ForkJoinPool.commonPool-worker-8" daemon [_thread_blocked, id=24516, stack(0x000000440e000000,0x000000440e100000)]
  0x000001b1f0522e10 JavaThread "ForkJoinPool.commonPool-worker-9" daemon [_thread_blocked, id=22872, stack(0x000000440e100000,0x000000440e200000)]
  0x000001b1f05232e0 JavaThread "ForkJoinPool.commonPool-worker-10" daemon [_thread_blocked, id=8980, stack(0x000000440e200000,0x000000440e300000)]
  0x000001b1f033a2e0 JavaThread "Execution worker" [_thread_blocked, id=20760, stack(0x000000440e800000,0x000000440e900000)]
  0x000001b1f033c490 JavaThread "Execution worker Thread 2" [_thread_blocked, id=19980, stack(0x000000440e900000,0x000000440ea00000)]
  0x000001b1f033ce30 JavaThread "Execution worker Thread 3" [_thread_blocked, id=20396, stack(0x000000440ea00000,0x000000440eb00000)]
  0x000001b1f033c960 JavaThread "Execution worker Thread 4" [_thread_blocked, id=17980, stack(0x000000440eb00000,0x000000440ec00000)]
  0x000001b1f033d300 JavaThread "Execution worker Thread 5" [_thread_blocked, id=13292, stack(0x000000440ec00000,0x000000440ed00000)]
  0x000001b1f033baf0 JavaThread "Execution worker Thread 6" [_thread_blocked, id=19564, stack(0x000000440ed00000,0x000000440ee00000)]
  0x000001b1f033e170 JavaThread "Execution worker Thread 7" [_thread_blocked, id=23088, stack(0x000000440ee00000,0x000000440ef00000)]
  0x000001b1f033a7b0 JavaThread "Execution worker Thread 8" [_thread_blocked, id=20496, stack(0x000000440ef00000,0x000000440f000000)]
  0x000001b1f033bfc0 JavaThread "Execution worker Thread 9" [_thread_blocked, id=23196, stack(0x000000440f000000,0x000000440f100000)]
  0x000001b1f033e640 JavaThread "Execution worker Thread 10" [_thread_blocked, id=23836, stack(0x000000440f100000,0x000000440f200000)]
  0x000001b1f033efe0 JavaThread "Execution worker Thread 11" [_thread_blocked, id=24184, stack(0x000000440f200000,0x000000440f300000)]
  0x000001b1f033eb10 JavaThread "Cache worker for execution history cache (C:\Lalataksha V Company\Ev scooter\ev-scooter-app\EVSCOOTER\node_modules\@react-native\gradle-plugin\.gradle\9.3.1\executionHistory)" [_thread_blocked, id=14872, stack(0x000000440f300000,0x000000440f400000)]
  0x000001b1f033b620 JavaThread "Unconstrained build operations Thread 37" [_thread_blocked, id=18596, stack(0x000000440f400000,0x000000440f500000)]
  0x000001b1f033f4b0 JavaThread "Unconstrained build operations Thread 38" [_thread_blocked, id=15344, stack(0x000000440f500000,0x000000440f600000)]
  0x000001b1f0341660 JavaThread "Unconstrained build operations Thread 39" [_thread_blocked, id=23980, stack(0x000000440f600000,0x000000440f700000)]
  0x000001b1f033f980 JavaThread "Unconstrained build operations Thread 40" [_thread_blocked, id=12140, stack(0x000000440f700000,0x000000440f800000)]
  0x000001b1f0340320 JavaThread "Unconstrained build operations Thread 41" [_thread_blocked, id=2628, stack(0x000000440f800000,0x000000440f900000)]
  0x000001b1f0341b30 JavaThread "Unconstrained build operations Thread 42" [_thread_blocked, id=23420, stack(0x000000440f900000,0x000000440fa00000)]
  0x000001b1f0341190 JavaThread "Unconstrained build operations Thread 43" [_thread_blocked, id=16436, stack(0x000000440fa00000,0x000000440fb00000)]
  0x000001b1f033fe50 JavaThread "Unconstrained build operations Thread 44" [_thread_blocked, id=1656, stack(0x000000440fb00000,0x000000440fc00000)]
  0x000001b1f03407f0 JavaThread "Unconstrained build operations Thread 45" [_thread_blocked, id=17724, stack(0x000000440fc00000,0x000000440fd00000)]
  0x000001b1f0340cc0 JavaThread "Unconstrained build operations Thread 46" [_thread_blocked, id=412, stack(0x000000440fd00000,0x000000440fe00000)]
  0x000001b1f2e61530 JavaThread "Unconstrained build operations Thread 47" [_thread_blocked, id=19392, stack(0x000000440fe00000,0x000000440ff00000)]
  0x000001b1f2e61ed0 JavaThread "Unconstrained build operations Thread 48" [_thread_blocked, id=6648, stack(0x000000440ff00000,0x0000004410000000)]
  0x000001b1f2e62870 JavaThread "Unconstrained build operations Thread 49" [_thread_blocked, id=15200, stack(0x0000004410000000,0x0000004410100000)]
  0x000001b1f2e61a00 JavaThread "Unconstrained build operations Thread 50" [_thread_blocked, id=1212, stack(0x0000004410100000,0x0000004410200000)]
  0x000001b1f2e61060 JavaThread "Unconstrained build operations Thread 51" [_thread_blocked, id=20096, stack(0x0000004410200000,0x0000004410300000)]
  0x000001b1f2e623a0 JavaThread "Unconstrained build operations Thread 52" [_thread_blocked, id=3884, stack(0x0000004410300000,0x0000004410400000)]
  0x000001b1f2e62d40 JavaThread "Unconstrained build operations Thread 53" [_thread_blocked, id=4744, stack(0x0000004410400000,0x0000004410500000)]
  0x000001b1f2e66700 JavaThread "Unconstrained build operations Thread 54" [_thread_blocked, id=21856, stack(0x0000004410500000,0x0000004410600000)]
  0x000001b1f2e63bb0 JavaThread "Unconstrained build operations Thread 55" [_thread_blocked, id=3864, stack(0x0000004410600000,0x0000004410700000)]
  0x000001b1f2e65d60 JavaThread "Unconstrained build operations Thread 56" [_thread_blocked, id=24452, stack(0x0000004410700000,0x0000004410800000)]
  0x000001b1f2e653c0 JavaThread "Unconstrained build operations Thread 57" [_thread_blocked, id=24188, stack(0x0000004410800000,0x0000004410900000)]
  0x000001b1f2e64080 JavaThread "Unconstrained build operations Thread 58" [_thread_blocked, id=22424, stack(0x0000004410900000,0x0000004410a00000)]
  0x000001b1f2e636e0 JavaThread "Unconstrained build operations Thread 59" [_thread_blocked, id=10876, stack(0x0000004410a00000,0x0000004410b00000)]
  0x000001b1f2e64550 JavaThread "Unconstrained build operations Thread 60" [_thread_blocked, id=16664, stack(0x0000004410b00000,0x0000004410c00000)]
  0x000001b1f2e65890 JavaThread "Unconstrained build operations Thread 61" [_thread_blocked, id=23224, stack(0x0000004410c00000,0x0000004410d00000)]
  0x000001b1f2e64a20 JavaThread "Unconstrained build operations Thread 62" [_thread_blocked, id=19588, stack(0x0000004410d00000,0x0000004410e00000)]
  0x000001b1f2e64ef0 JavaThread "Unconstrained build operations Thread 63" [_thread_blocked, id=15536, stack(0x0000004410e00000,0x0000004410f00000)]
  0x000001b1f2e66230 JavaThread "Unconstrained build operations Thread 64" [_thread_blocked, id=19208, stack(0x0000004410f00000,0x0000004411000000)]
  0x000001b1f2e66bd0 JavaThread "Unconstrained build operations Thread 65" [_thread_blocked, id=11132, stack(0x0000004411000000,0x0000004411100000)]
  0x000001b1f2e670a0 JavaThread "Unconstrained build operations Thread 66" [_thread_blocked, id=21184, stack(0x0000004411100000,0x0000004411200000)]
  0x000001b1f2e688b0 JavaThread "Unconstrained build operations Thread 67" [_thread_blocked, id=16740, stack(0x0000004411200000,0x0000004411300000)]
  0x000001b1f2e67a40 JavaThread "Unconstrained build operations Thread 68" [_thread_blocked, id=23368, stack(0x0000004411300000,0x0000004411400000)]
  0x000001b1f2e67570 JavaThread "Unconstrained build operations Thread 69" [_thread_blocked, id=21220, stack(0x0000004411400000,0x0000004411500000)]
  0x000001b1f2e67f10 JavaThread "Unconstrained build operations Thread 70" [_thread_blocked, id=8160, stack(0x0000004411500000,0x0000004411600000)]
  0x000001b1f2e683e0 JavaThread "Unconstrained build operations Thread 71" [_thread_blocked, id=23932, stack(0x0000004411600000,0x0000004411700000)]
  0x000001b1efeaf880 JavaThread "Unconstrained build operations Thread 72" [_thread_blocked, id=22204, stack(0x0000004411700000,0x0000004411800000)]
  0x000001b1efeb0bc0 JavaThread "Unconstrained build operations Thread 73" [_thread_blocked, id=8736, stack(0x0000004411800000,0x0000004411900000)]
  0x000001b1efeb06f0 JavaThread "Unconstrained build operations Thread 74" [_thread_blocked, id=18700, stack(0x0000004411900000,0x0000004411a00000)]
  0x000001b1efeb1090 JavaThread "Unconstrained build operations Thread 75" [_thread_blocked, id=22036, stack(0x0000004411a00000,0x0000004411b00000)]
  0x000001b1efeaeee0 JavaThread "Unconstrained build operations Thread 76" [_thread_blocked, id=20980, stack(0x0000004411b00000,0x0000004411c00000)]
  0x000001b1efeaea10 JavaThread "Unconstrained build operations Thread 77" [_thread_blocked, id=22248, stack(0x0000004411c00000,0x0000004411d00000)]
  0x000001b1efeafd50 JavaThread "Unconstrained build operations Thread 78" [_thread_blocked, id=5196, stack(0x0000004411d00000,0x0000004411e00000)]
  0x000001b1efeaf3b0 JavaThread "Unconstrained build operations Thread 79" [_thread_blocked, id=15456, stack(0x0000004411e00000,0x0000004411f00000)]
  0x000001b1efeb0220 JavaThread "Unconstrained build operations Thread 80" [_thread_blocked, id=21860, stack(0x0000004411f00000,0x0000004412000000)]
  0x000001b1efeb1560 JavaThread "Unconstrained build operations Thread 81" [_thread_blocked, id=5504, stack(0x0000004412000000,0x0000004412100000)]
  0x000001b1efeadba0 JavaThread "Unconstrained build operations Thread 82" [_thread_blocked, id=17772, stack(0x0000004412100000,0x0000004412200000)]
  0x000001b1efeae070 JavaThread "Unconstrained build operations Thread 83" [_thread_blocked, id=4620, stack(0x0000004412200000,0x0000004412300000)]
  0x000001b1efeb1a30 JavaThread "Unconstrained build operations Thread 84" [_thread_blocked, id=20356, stack(0x0000004412300000,0x0000004412400000)]
  0x000001b1efeb1f00 JavaThread "Unconstrained build operations Thread 85" [_thread_blocked, id=2748, stack(0x0000004412400000,0x0000004412500000)]
  0x000001b1efeb3be0 JavaThread "Unconstrained build operations Thread 86" [_thread_blocked, id=9092, stack(0x0000004412500000,0x0000004412600000)]
  0x000001b1efeae540 JavaThread "Unconstrained build operations Thread 87" [_thread_blocked, id=20064, stack(0x0000004412600000,0x0000004412700000)]
  0x000001b1efeb28a0 JavaThread "Unconstrained build operations Thread 88" [_thread_blocked, id=22992, stack(0x0000004412700000,0x0000004412800000)]
  0x000001b1efeb40b0 JavaThread "Unconstrained build operations Thread 89" [_thread_blocked, id=2420, stack(0x0000004412800000,0x0000004412900000)]
  0x000001b1efeb2d70 JavaThread "Unconstrained build operations Thread 90" [_thread_blocked, id=14292, stack(0x0000004412900000,0x0000004412a00000)]
  0x000001b1efeb23d0 JavaThread "Unconstrained build operations Thread 91" [_thread_blocked, id=24144, stack(0x0000004412a00000,0x0000004412b00000)]
  0x000001b1efeb3240 JavaThread "Unconstrained build operations Thread 92" [_thread_blocked, id=15384, stack(0x0000004412b00000,0x0000004412c00000)]
  0x000001b1efeb3710 JavaThread "Unconstrained build operations Thread 93" [_thread_blocked, id=19144, stack(0x0000004412c00000,0x0000004412d00000)]
  0x000001b1efeb4580 JavaThread "Unconstrained build operations Thread 94" [_thread_blocked, id=13104, stack(0x0000004412d00000,0x0000004412e00000)]
  0x000001b1efeb4a50 JavaThread "Unconstrained build operations Thread 95" [_thread_blocked, id=21072, stack(0x0000004412e00000,0x0000004412f00000)]
  0x000001b1efeb53f0 JavaThread "Unconstrained build operations Thread 96" [_thread_blocked, id=12704, stack(0x0000004412f00000,0x0000004413000000)]
  0x000001b1efeb4f20 JavaThread "Unconstrained build operations Thread 97" [_thread_blocked, id=16088, stack(0x0000004413000000,0x0000004413100000)]
  0x000001b1ee35bf20 JavaThread "Unconstrained build operations Thread 98" [_thread_blocked, id=11740, stack(0x0000004413100000,0x0000004413200000)]
  0x000001b1ee35b580 JavaThread "Unconstrained build operations Thread 99" [_thread_blocked, id=18560, stack(0x0000004413200000,0x0000004413300000)]
  0x000001b1ee35a240 JavaThread "Unconstrained build operations Thread 100" [_thread_blocked, id=22460, stack(0x0000004413300000,0x0000004413400000)]
  0x000001b1ee35ba50 JavaThread "Unconstrained build operations Thread 101" [_thread_blocked, id=21156, stack(0x0000004413400000,0x0000004413500000)]
  0x000001b1ee3593d0 JavaThread "Unconstrained build operations Thread 102" [_thread_blocked, id=19860, stack(0x0000004413500000,0x0000004413600000)]
  0x000001b1ee358560 JavaThread "Unconstrained build operations Thread 103" [_thread_blocked, id=22308, stack(0x0000004413600000,0x0000004413700000)]
  0x000001b1ee358f00 JavaThread "Unconstrained build operations Thread 104" [_thread_blocked, id=4556, stack(0x0000004413700000,0x0000004413800000)]
  0x000001b1ee35c3f0 JavaThread "Unconstrained build operations Thread 105" [_thread_blocked, id=22296, stack(0x0000004413800000,0x0000004413900000)]
  0x000001b1ee35b0b0 JavaThread "Unconstrained build operations Thread 106" [_thread_blocked, id=20200, stack(0x0000004413900000,0x0000004413a00000)]
  0x000001b1ee358a30 JavaThread "Unconstrained build operations Thread 107" [_thread_blocked, id=19908, stack(0x0000004413a00000,0x0000004413b00000)]
  0x000001b1ee35c8c0 JavaThread "Unconstrained build operations Thread 108" [_thread_blocked, id=22444, stack(0x0000004413b00000,0x0000004413c00000)]
  0x000001b1ee3598a0 JavaThread "Unconstrained build operations Thread 109" [_thread_blocked, id=10644, stack(0x0000004413c00000,0x0000004413d00000)]
  0x000001b1ee35cd90 JavaThread "jar transforms Thread 2" [_thread_blocked, id=15620, stack(0x0000004413d00000,0x0000004413e00000)]
  0x000001b1ee35d260 JavaThread "jar transforms Thread 3" [_thread_blocked, id=20884, stack(0x0000004413e00000,0x0000004413f00000)]
  0x000001b1ee359d70 JavaThread "Unconstrained build operations Thread 110" [_thread_blocked, id=18880, stack(0x0000004413f00000,0x0000004414000000)]
  0x000001b1ee35dc00 JavaThread "Unconstrained build operations Thread 111" [_thread_blocked, id=15288, stack(0x0000004414000000,0x0000004414100000)]
  0x000001b1ee35e0d0 JavaThread "Unconstrained build operations Thread 112" [_thread_blocked, id=19764, stack(0x0000004414100000,0x0000004414200000)]
  0x000001b1ee35a710 JavaThread "Unconstrained build operations Thread 113" [_thread_blocked, id=12156, stack(0x0000004414200000,0x0000004414300000)]
  0x000001b1ee35ef40 JavaThread "Unconstrained build operations Thread 114" [_thread_blocked, id=17620, stack(0x0000004414300000,0x0000004414400000)]
  0x000001b1ee35e5a0 JavaThread "Unconstrained build operations Thread 115" [_thread_blocked, id=9992, stack(0x0000004414400000,0x0000004414500000)]
  0x000001b1ee35f410 JavaThread "Unconstrained build operations Thread 116" [_thread_blocked, id=4012, stack(0x0000004414500000,0x0000004414600000)]
  0x000001b1ee35f8e0 JavaThread "Unconstrained build operations Thread 117" [_thread_blocked, id=21660, stack(0x0000004414600000,0x0000004414700000)]
  0x000001b1ee35ea70 JavaThread "Unconstrained build operations Thread 118" [_thread_blocked, id=2552, stack(0x0000004414700000,0x0000004414800000)]
  0x000001b1ee35fdb0 JavaThread "Unconstrained build operations Thread 119" [_thread_blocked, id=20692, stack(0x0000004414800000,0x0000004414900000)]
  0x000001b1f2726450 JavaThread "Unconstrained build operations Thread 120" [_thread_blocked, id=1436, stack(0x0000004414900000,0x0000004414a00000)]
  0x000001b1f2727790 JavaThread "jar transforms Thread 4" [_thread_blocked, id=5548, stack(0x0000004407500000,0x0000004407600000)]
  0x000001b1f2725ab0 JavaThread "jar transforms Thread 5" [_thread_blocked, id=956, stack(0x0000004407600000,0x0000004407700000)]
  0x000001b1f2726920 JavaThread "jar transforms Thread 6" [_thread_blocked, id=19328, stack(0x0000004407700000,0x0000004407800000)]
  0x000001b1f27272c0 JavaThread "build event listener" [_thread_blocked, id=20552, stack(0x0000004414a00000,0x0000004414b00000)]
  0x000001b1f2728600 JavaThread "jar transforms Thread 7" [_thread_blocked, id=20744, stack(0x0000004414b00000,0x0000004414c00000)]
  0x000001b1f2724c40 JavaThread "jar transforms Thread 8" [_thread_blocked, id=1520, stack(0x0000004414c00000,0x0000004414d00000)]
  0x000001b1f272a7b0 JavaThread "jar transforms Thread 9" [_thread_blocked, id=13720, stack(0x0000004414d00000,0x0000004414e00000)]
  0x000001b1f272c490 JavaThread "jar transforms Thread 10" [_thread_blocked, id=19340, stack(0x0000004414e00000,0x0000004414f00000)]
  0x000001b1f2729940 JavaThread "File lock release action executor Thread 2" [_thread_blocked, id=13008, stack(0x0000004415200000,0x0000004415300000)]
  0x000001b1f2729e10 JavaThread "jar transforms Thread 11" [_thread_blocked, id=18024, stack(0x000000440dc00000,0x000000440dd00000)]
  0x000001b1f272a2e0 JavaThread "jar transforms Thread 12" [_thread_blocked, id=22256, stack(0x000000440d800000,0x000000440d900000)]
  0x000001b1f033dca0 JavaThread "build event listener" [_thread_blocked, id=9620, stack(0x000000440e500000,0x000000440e600000)]

Other Threads:
=>0x000001b1e9bf9af0 VMThread "VM Thread" [stack: 0x0000004407e00000,0x0000004407f00000] [id=19008]
  0x000001b1c9615bd0 WatcherThread [stack: 0x0000004408a00000,0x0000004408b00000] [id=21012]
  0x000001b1c95e8e70 GCTaskThread "GC Thread#0" [stack: 0x0000004407900000,0x0000004407a00000] [id=4800]
  0x000001b1ee1c4f50 GCTaskThread "GC Thread#1" [stack: 0x0000004408b00000,0x0000004408c00000] [id=22076]
  0x000001b1ee458d10 GCTaskThread "GC Thread#2" [stack: 0x0000004408c00000,0x0000004408d00000] [id=21588]
  0x000001b1eed0d690 GCTaskThread "GC Thread#3" [stack: 0x0000004408d00000,0x0000004408e00000] [id=3896]
  0x000001b1ef12a370 GCTaskThread "GC Thread#4" [stack: 0x0000004408e00000,0x0000004408f00000] [id=22012]
  0x000001b1ef138e70 GCTaskThread "GC Thread#5" [stack: 0x0000004409900000,0x0000004409a00000] [id=23108]
  0x000001b1efed6000 GCTaskThread "GC Thread#6" [stack: 0x0000004409a00000,0x0000004409b00000] [id=7628]
  0x000001b1efe3cba0 GCTaskThread "GC Thread#7" [stack: 0x0000004409b00000,0x0000004409c00000] [id=17884]
  0x000001b1eeda3a00 GCTaskThread "GC Thread#8" [stack: 0x0000004409c00000,0x0000004409d00000] [id=2028]
  0x000001b1ee5ae6c0 GCTaskThread "GC Thread#9" [stack: 0x0000004409d00000,0x0000004409e00000] [id=21200]
  0x000001b1c95f9b70 ConcurrentGCThread "G1 Main Marker" [stack: 0x0000004407a00000,0x0000004407b00000] [id=3728]
  0x000001b1c95faea0 ConcurrentGCThread "G1 Conc#0" [stack: 0x0000004407b00000,0x0000004407c00000] [id=8000]
  0x000001b1f00619d0 ConcurrentGCThread "G1 Conc#1" [stack: 0x000000440a100000,0x000000440a200000] [id=21992]
  0x000001b1f00624d0 ConcurrentGCThread "G1 Conc#2" [stack: 0x000000440a200000,0x000000440a300000] [id=9556]
  0x000001b1e9ab74f0 ConcurrentGCThread "G1 Refine#0" [stack: 0x0000004407c00000,0x0000004407d00000] [id=20592]
  0x000001b1f0b96ad0 ConcurrentGCThread "G1 Refine#1" [stack: 0x000000440ab00000,0x000000440ac00000] [id=3988]
  0x000001b1f0b96dc0 ConcurrentGCThread "G1 Refine#2" [stack: 0x000000440ac00000,0x000000440ad00000] [id=20172]
  0x000001b1e9ab7cd0 ConcurrentGCThread "G1 Service" [stack: 0x0000004407d00000,0x0000004407e00000] [id=19996]

Threads with active compile tasks:
C2 CompilerThread0   299187 16785       4       sun.nio.cs.UTF_8$Decoder::decodeLoop (28 bytes)

VM state: at safepoint (normal execution)

VM Mutex/Monitor currently owned by a thread:  ([mutex/lock_event])
[0x000001b1c9587540] Threads_lock - owner thread: 0x000001b1e9bf9af0
[0x000001b1c9585da0] Heap_lock - owner thread: 0x000001b1f16db3f0

Heap address: 0x0000000080000000, size: 2048 MB, Compressed Oops mode: 32-bit

CDS archive(s) mapped at: [0x000001b180000000-0x000001b180bd0000-0x000001b180bd0000), size 12386304, SharedBaseAddress: 0x000001b180000000, ArchiveRelocationMode: 1.
Compressed class space mapped at: 0x000001b181000000-0x000001b19b000000, reserved size: 436207616
Narrow klass base: 0x000001b180000000, Narrow klass shift: 0, Narrow klass range: 0x100000000

GC Precious Log:
 CPUs: 12 total, 12 available
 Memory: 5989M
 Large Page Support: Disabled
 NUMA Support: Disabled
 Compressed Oops: Enabled (32-bit)
 Heap Region Size: 1M
 Heap Min Capacity: 8M
 Heap Initial Capacity: 94M
 Heap Max Capacity: 2G
 Pre-touch: Disabled
 Parallel Workers: 10
 Concurrent Workers: 3
 Concurrent Refinement Workers: 10
 Periodic GC: Disabled

Heap:
 garbage-first heap   total 288768K, used 160694K [0x0000000080000000, 0x0000000100000000)
  region size 1024K, 2 young (2048K), 2 survivors (2048K)
 Metaspace       used 108264K, committed 109760K, reserved 557056K
  class space    used 15156K, committed 15872K, reserved 425984K

Heap Regions: E=young(eden), S=young(survivor), O=old, HS=humongous(starts), HC=humongous(continues), CS=collection set, F=free, OA=open archive, CA=closed archive, TAMS=top-at-mark-start (previous, next)
|   0|0x0000000080000000, 0x0000000080100000, 0x0000000080100000|100%|HS|  |TAMS 0x0000000080100000, 0x0000000080000000| Complete 
|   1|0x0000000080100000, 0x0000000080200000, 0x0000000080200000|100%|HC|  |TAMS 0x0000000080200000, 0x0000000080100000| Complete 
|   2|0x0000000080200000, 0x0000000080300000, 0x0000000080300000|100%|HC|  |TAMS 0x0000000080300000, 0x0000000080200000| Complete 
|   3|0x0000000080300000, 0x0000000080400000, 0x0000000080400000|100%|HC|  |TAMS 0x0000000080400000, 0x0000000080300000| Complete 
|   4|0x0000000080400000, 0x0000000080500000, 0x0000000080500000|100%| O|  |TAMS 0x0000000080500000, 0x0000000080400000| Untracked 
|   5|0x0000000080500000, 0x0000000080600000, 0x0000000080600000|100%| O|  |TAMS 0x0000000080600000, 0x0000000080500000| Untracked 
|   6|0x0000000080600000, 0x0000000080700000, 0x0000000080700000|100%| O|  |TAMS 0x0000000080700000, 0x0000000080600000| Untracked 
|   7|0x0000000080700000, 0x0000000080800000, 0x0000000080800000|100%|HS|  |TAMS 0x0000000080800000, 0x0000000080700000| Complete 
|   8|0x0000000080800000, 0x0000000080900000, 0x0000000080900000|100%| O|  |TAMS 0x0000000080900000, 0x0000000080800000| Untracked 
|   9|0x0000000080900000, 0x0000000080a00000, 0x0000000080a00000|100%| O|  |TAMS 0x0000000080a00000, 0x0000000080900000| Untracked 
|  10|0x0000000080a00000, 0x0000000080b00000, 0x0000000080b00000|100%| O|  |TAMS 0x0000000080b00000, 0x0000000080a00000| Untracked 
|  11|0x0000000080b00000, 0x0000000080c00000, 0x0000000080c00000|100%| O|  |TAMS 0x0000000080c00000, 0x0000000080b00000| Untracked 
|  12|0x0000000080c00000, 0x0000000080d00000, 0x0000000080d00000|100%| O|  |TAMS 0x0000000080d00000, 0x0000000080c00000| Untracked 
|  13|0x0000000080d00000, 0x0000000080e00000, 0x0000000080e00000|100%| O|  |TAMS 0x0000000080e00000, 0x0000000080d00000| Untracked 
|  14|0x0000000080e00000, 0x0000000080f00000, 0x0000000080f00000|100%| O|  |TAMS 0x0000000080f00000, 0x0000000080e00000| Untracked 
|  15|0x0000000080f00000, 0x0000000081000000, 0x0000000081000000|100%| O|  |TAMS 0x0000000081000000, 0x0000000080f00000| Untracked 
|  16|0x0000000081000000, 0x0000000081100000, 0x0000000081100000|100%| O|  |TAMS 0x0000000081100000, 0x0000000081000000| Untracked 
|  17|0x0000000081100000, 0x0000000081200000, 0x0000000081200000|100%| O|  |TAMS 0x0000000081200000, 0x0000000081100000| Untracked 
|  18|0x0000000081200000, 0x0000000081300000, 0x0000000081300000|100%| O|  |TAMS 0x0000000081300000, 0x0000000081200000| Untracked 
|  19|0x0000000081300000, 0x0000000081400000, 0x0000000081400000|100%| O|  |TAMS 0x0000000081400000, 0x0000000081300000| Untracked 
|  20|0x0000000081400000, 0x0000000081500000, 0x0000000081500000|100%| O|  |TAMS 0x0000000081500000, 0x0000000081400000| Untracked 
|  21|0x0000000081500000, 0x0000000081600000, 0x0000000081600000|100%| O|  |TAMS 0x0000000081600000, 0x0000000081500000| Untracked 
|  22|0x0000000081600000, 0x0000000081700000, 0x0000000081700000|100%| O|  |TAMS 0x0000000081700000, 0x0000000081600000| Untracked 
|  23|0x0000000081700000, 0x0000000081800000, 0x0000000081800000|100%| O|  |TAMS 0x0000000081800000, 0x0000000081700000| Untracked 
|  24|0x0000000081800000, 0x0000000081900000, 0x0000000081900000|100%| O|  |TAMS 0x0000000081900000, 0x0000000081800000| Untracked 
|  25|0x0000000081900000, 0x0000000081a00000, 0x0000000081a00000|100%| O|  |TAMS 0x0000000081a00000, 0x0000000081900000| Untracked 
|  26|0x0000000081a00000, 0x0000000081b00000, 0x0000000081b00000|100%| O|  |TAMS 0x0000000081b00000, 0x0000000081a00000| Untracked 
|  27|0x0000000081b00000, 0x0000000081c00000, 0x0000000081c00000|100%| O|  |TAMS 0x0000000081c00000, 0x0000000081b00000| Untracked 
|  28|0x0000000081c00000, 0x0000000081d00000, 0x0000000081d00000|100%| O|  |TAMS 0x0000000081d00000, 0x0000000081c00000| Untracked 
|  29|0x0000000081d00000, 0x0000000081e00000, 0x0000000081e00000|100%| O|  |TAMS 0x0000000081e00000, 0x0000000081d00000| Untracked 
|  30|0x0000000081e00000, 0x0000000081f00000, 0x0000000081f00000|100%| O|  |TAMS 0x0000000081f00000, 0x0000000081e00000| Untracked 
|  31|0x0000000081f00000, 0x0000000082000000, 0x0000000082000000|100%| O|  |TAMS 0x0000000082000000, 0x0000000081f00000| Untracked 
|  32|0x0000000082000000, 0x0000000082100000, 0x0000000082100000|100%| O|  |TAMS 0x0000000082100000, 0x0000000082000000| Untracked 
|  33|0x0000000082100000, 0x0000000082200000, 0x0000000082200000|100%| O|  |TAMS 0x0000000082200000, 0x0000000082100000| Untracked 
|  34|0x0000000082200000, 0x0000000082300000, 0x0000000082300000|100%| O|  |TAMS 0x0000000082300000, 0x0000000082200000| Untracked 
|  35|0x0000000082300000, 0x0000000082400000, 0x0000000082400000|100%| O|  |TAMS 0x0000000082400000, 0x0000000082300000| Untracked 
|  36|0x0000000082400000, 0x0000000082500000, 0x0000000082500000|100%| O|  |TAMS 0x0000000082500000, 0x0000000082400000| Untracked 
|  37|0x0000000082500000, 0x0000000082600000, 0x0000000082600000|100%|HS|  |TAMS 0x0000000082600000, 0x0000000082500000| Complete 
|  38|0x0000000082600000, 0x0000000082700000, 0x0000000082700000|100%|HC|  |TAMS 0x0000000082700000, 0x0000000082600000| Complete 
|  39|0x0000000082700000, 0x0000000082800000, 0x0000000082800000|100%|HC|  |TAMS 0x0000000082800000, 0x0000000082700000| Complete 
|  40|0x0000000082800000, 0x0000000082900000, 0x0000000082900000|100%| O|  |TAMS 0x0000000082900000, 0x0000000082800000| Untracked 
|  41|0x0000000082900000, 0x0000000082a00000, 0x0000000082a00000|100%| O|  |TAMS 0x0000000082a00000, 0x0000000082900000| Untracked 
|  42|0x0000000082a00000, 0x0000000082b00000, 0x0000000082b00000|100%| O|  |TAMS 0x0000000082b00000, 0x0000000082a00000| Untracked 
|  43|0x0000000082b00000, 0x0000000082c00000, 0x0000000082c00000|100%| O|  |TAMS 0x0000000082c00000, 0x0000000082b00000| Untracked 
|  44|0x0000000082c00000, 0x0000000082d00000, 0x0000000082d00000|100%| O|  |TAMS 0x0000000082d00000, 0x0000000082c00000| Untracked 
|  45|0x0000000082d00000, 0x0000000082e00000, 0x0000000082e00000|100%| O|  |TAMS 0x0000000082d00000, 0x0000000082d00000| Untracked 
|  46|0x0000000082e00000, 0x0000000082f00000, 0x0000000082f00000|100%|HS|  |TAMS 0x0000000082f00000, 0x0000000082e00000| Complete 
|  47|0x0000000082f00000, 0x0000000083000000, 0x0000000083000000|100%|HC|  |TAMS 0x0000000083000000, 0x0000000082f00000| Complete 
|  48|0x0000000083000000, 0x0000000083100000, 0x0000000083100000|100%|HC|  |TAMS 0x0000000083100000, 0x0000000083000000| Complete 
|  49|0x0000000083100000, 0x0000000083200000, 0x0000000083200000|100%| O|  |TAMS 0x0000000083200000, 0x0000000083100000| Untracked 
|  50|0x0000000083200000, 0x0000000083300000, 0x0000000083300000|100%| O|  |TAMS 0x0000000083300000, 0x0000000083200000| Untracked 
|  51|0x0000000083300000, 0x0000000083400000, 0x0000000083400000|100%| O|  |TAMS 0x0000000083400000, 0x0000000083300000| Untracked 
|  52|0x0000000083400000, 0x0000000083500000, 0x0000000083500000|100%| O|  |TAMS 0x0000000083500000, 0x0000000083400000| Untracked 
|  53|0x0000000083500000, 0x0000000083600000, 0x0000000083600000|100%| O|  |TAMS 0x0000000083600000, 0x0000000083500000| Untracked 
|  54|0x0000000083600000, 0x0000000083700000, 0x0000000083700000|100%| O|  |TAMS 0x0000000083700000, 0x0000000083600000| Untracked 
|  55|0x0000000083700000, 0x0000000083800000, 0x0000000083800000|100%| O|  |TAMS 0x0000000083800000, 0x0000000083700000| Untracked 
|  56|0x0000000083800000, 0x0000000083900000, 0x0000000083900000|100%| O|  |TAMS 0x0000000083900000, 0x0000000083800000| Untracked 
|  57|0x0000000083900000, 0x0000000083a00000, 0x0000000083a00000|100%| O|  |TAMS 0x0000000083a00000, 0x0000000083900000| Untracked 
|  58|0x0000000083a00000, 0x0000000083b00000, 0x0000000083b00000|100%| O|  |TAMS 0x0000000083b00000, 0x0000000083a00000| Untracked 
|  59|0x0000000083b00000, 0x0000000083c00000, 0x0000000083c00000|100%| O|  |TAMS 0x0000000083c00000, 0x0000000083b00000| Untracked 
|  60|0x0000000083c00000, 0x0000000083d00000, 0x0000000083d00000|100%| O|  |TAMS 0x0000000083d00000, 0x0000000083c00000| Untracked 
|  61|0x0000000083d00000, 0x0000000083e00000, 0x0000000083e00000|100%| O|  |TAMS 0x0000000083e00000, 0x0000000083d00000| Untracked 
|  62|0x0000000083e00000, 0x0000000083f00000, 0x0000000083f00000|100%| O|  |TAMS 0x0000000083f00000, 0x0000000083e00000| Untracked 
|  63|0x0000000083f00000, 0x0000000084000000, 0x0000000084000000|100%| O|  |TAMS 0x0000000084000000, 0x0000000083f00000| Untracked 
|  64|0x0000000084000000, 0x0000000084100000, 0x0000000084100000|100%| O|  |TAMS 0x0000000084100000, 0x0000000084000000| Untracked 
|  65|0x0000000084100000, 0x0000000084200000, 0x0000000084200000|100%| O|  |TAMS 0x0000000084200000, 0x0000000084100000| Untracked 
|  66|0x0000000084200000, 0x0000000084300000, 0x0000000084300000|100%| O|  |TAMS 0x0000000084300000, 0x0000000084200000| Untracked 
|  67|0x0000000084300000, 0x0000000084400000, 0x0000000084400000|100%| O|  |TAMS 0x0000000084400000, 0x0000000084300000| Untracked 
|  68|0x0000000084400000, 0x0000000084500000, 0x0000000084500000|100%| O|  |TAMS 0x0000000084500000, 0x0000000084400000| Untracked 
|  69|0x0000000084500000, 0x0000000084600000, 0x0000000084600000|100%| O|  |TAMS 0x0000000084600000, 0x0000000084500000| Untracked 
|  70|0x0000000084600000, 0x0000000084700000, 0x0000000084700000|100%| O|  |TAMS 0x0000000084700000, 0x0000000084600000| Untracked 
|  71|0x0000000084700000, 0x0000000084800000, 0x0000000084800000|100%| O|  |TAMS 0x0000000084800000, 0x0000000084700000| Untracked 
|  72|0x0000000084800000, 0x0000000084900000, 0x0000000084900000|100%| O|  |TAMS 0x0000000084900000, 0x0000000084800000| Untracked 
|  73|0x0000000084900000, 0x0000000084a00000, 0x0000000084a00000|100%| O|  |TAMS 0x0000000084900000, 0x0000000084900000| Untracked 
|  74|0x0000000084a00000, 0x0000000084b00000, 0x0000000084b00000|100%| O|  |TAMS 0x0000000084a00000, 0x0000000084a00000| Untracked 
|  75|0x0000000084b00000, 0x0000000084c00000, 0x0000000084c00000|100%| O|  |TAMS 0x0000000084c00000, 0x0000000084b00000| Untracked 
|  76|0x0000000084c00000, 0x0000000084d00000, 0x0000000084d00000|100%| O|  |TAMS 0x0000000084d00000, 0x0000000084c00000| Untracked 
|  77|0x0000000084d00000, 0x0000000084e00000, 0x0000000084e00000|100%|HS|  |TAMS 0x0000000084e00000, 0x0000000084d00000| Complete 
|  78|0x0000000084e00000, 0x0000000084f00000, 0x0000000084f00000|100%|HS|  |TAMS 0x0000000084f00000, 0x0000000084e00000| Complete 
|  79|0x0000000084f00000, 0x0000000085000000, 0x0000000085000000|100%|HS|  |TAMS 0x0000000085000000, 0x0000000084f00000| Complete 
|  80|0x0000000085000000, 0x0000000085100000, 0x0000000085100000|100%|HS|  |TAMS 0x0000000085100000, 0x0000000085000000| Complete 
|  81|0x0000000085100000, 0x0000000085200000, 0x0000000085200000|100%| O|  |TAMS 0x0000000085100000, 0x0000000085100000| Untracked 
|  82|0x0000000085200000, 0x0000000085300000, 0x0000000085300000|100%|HS|  |TAMS 0x0000000085300000, 0x0000000085200000| Complete 
|  83|0x0000000085300000, 0x0000000085400000, 0x0000000085400000|100%|HS|  |TAMS 0x0000000085400000, 0x0000000085300000| Complete 
|  84|0x0000000085400000, 0x0000000085500000, 0x0000000085500000|100%| O|  |TAMS 0x0000000085500000, 0x0000000085400000| Untracked 
|  85|0x0000000085500000, 0x0000000085600000, 0x0000000085600000|100%| O|  |TAMS 0x0000000085600000, 0x0000000085500000| Untracked 
|  86|0x0000000085600000, 0x0000000085700000, 0x0000000085700000|100%| O|  |TAMS 0x0000000085700000, 0x0000000085600000| Untracked 
|  87|0x0000000085700000, 0x0000000085800000, 0x0000000085800000|100%| O|  |TAMS 0x0000000085800000, 0x0000000085700000| Untracked 
|  88|0x0000000085800000, 0x0000000085900000, 0x0000000085900000|100%| O|  |TAMS 0x0000000085900000, 0x0000000085800000| Untracked 
|  89|0x0000000085900000, 0x0000000085a00000, 0x0000000085a00000|100%| O|  |TAMS 0x000000008591d800, 0x0000000085900000| Untracked 
|  90|0x0000000085a00000, 0x0000000085b00000, 0x0000000085b00000|100%| O|  |TAMS 0x0000000085a00000, 0x0000000085a00000| Untracked 
|  91|0x0000000085b00000, 0x0000000085c00000, 0x0000000085c00000|100%| O|  |TAMS 0x0000000085b00000, 0x0000000085b00000| Untracked 
|  92|0x0000000085c00000, 0x0000000085d00000, 0x0000000085d00000|100%| O|  |TAMS 0x0000000085c00000, 0x0000000085c00000| Untracked 
|  93|0x0000000085d00000, 0x0000000085e00000, 0x0000000085e00000|100%| O|  |TAMS 0x0000000085d00000, 0x0000000085d00000| Untracked 
|  94|0x0000000085e00000, 0x0000000085f00000, 0x0000000085f00000|100%| O|  |TAMS 0x0000000085e00000, 0x0000000085e00000| Untracked 
|  95|0x0000000085f00000, 0x0000000086000000, 0x0000000086000000|100%| O|  |TAMS 0x0000000085f00000, 0x0000000085f00000| Untracked 
|  96|0x0000000086000000, 0x0000000086100000, 0x0000000086100000|100%| O|  |TAMS 0x0000000086000000, 0x0000000086000000| Untracked 
|  97|0x0000000086100000, 0x0000000086200000, 0x0000000086200000|100%| O|  |TAMS 0x0000000086100000, 0x0000000086100000| Untracked 
|  98|0x0000000086200000, 0x0000000086300000, 0x0000000086300000|100%| O|  |TAMS 0x0000000086200000, 0x0000000086200000| Untracked 
|  99|0x0000000086300000, 0x0000000086400000, 0x0000000086400000|100%|HS|  |TAMS 0x0000000086300000, 0x0000000086300000| Complete 
| 100|0x0000000086400000, 0x0000000086500000, 0x0000000086500000|100%|HS|  |TAMS 0x0000000086400000, 0x0000000086400000| Complete 
| 101|0x0000000086500000, 0x0000000086600000, 0x0000000086600000|100%|HC|  |TAMS 0x0000000086500000, 0x0000000086500000| Complete 
| 102|0x0000000086600000, 0x0000000086700000, 0x0000000086700000|100%|HC|  |TAMS 0x0000000086600000, 0x0000000086600000| Complete 
| 103|0x0000000086700000, 0x0000000086800000, 0x0000000086800000|100%| O|  |TAMS 0x0000000086700000, 0x0000000086700000| Untracked 
| 104|0x0000000086800000, 0x0000000086900000, 0x0000000086900000|100%| O|  |TAMS 0x0000000086800000, 0x0000000086800000| Untracked 
| 105|0x0000000086900000, 0x0000000086a00000, 0x0000000086a00000|100%| O|  |TAMS 0x0000000086900000, 0x0000000086900000| Untracked 
| 106|0x0000000086a00000, 0x0000000086b00000, 0x0000000086b00000|100%| O|  |TAMS 0x0000000086a00000, 0x0000000086a00000| Untracked 
| 107|0x0000000086b00000, 0x0000000086c00000, 0x0000000086c00000|100%| O|  |TAMS 0x0000000086b00000, 0x0000000086b00000| Untracked 
| 108|0x0000000086c00000, 0x0000000086d00000, 0x0000000086d00000|100%| O|  |TAMS 0x0000000086c00000, 0x0000000086c00000| Untracked 
| 109|0x0000000086d00000, 0x0000000086e00000, 0x0000000086e00000|100%| O|  |TAMS 0x0000000086d00000, 0x0000000086d00000| Untracked 
| 110|0x0000000086e00000, 0x0000000086f00000, 0x0000000086f00000|100%| O|  |TAMS 0x0000000086e00000, 0x0000000086e00000| Untracked 
| 111|0x0000000086f00000, 0x0000000087000000, 0x0000000087000000|100%| O|  |TAMS 0x0000000086f00000, 0x0000000086f00000| Untracked 
| 112|0x0000000087000000, 0x0000000087100000, 0x0000000087100000|100%| O|  |TAMS 0x0000000087000000, 0x0000000087000000| Untracked 
| 113|0x0000000087100000, 0x0000000087200000, 0x0000000087200000|100%| O|  |TAMS 0x0000000087100000, 0x0000000087100000| Untracked 
| 114|0x0000000087200000, 0x0000000087300000, 0x0000000087300000|100%| O|  |TAMS 0x0000000087200000, 0x0000000087200000| Untracked 
| 115|0x0000000087300000, 0x0000000087400000, 0x0000000087400000|100%| O|  |TAMS 0x0000000087300000, 0x0000000087300000| Untracked 
| 116|0x0000000087400000, 0x0000000087500000, 0x0000000087500000|100%| O|  |TAMS 0x0000000087400000, 0x0000000087400000| Untracked 
| 117|0x0000000087500000, 0x0000000087600000, 0x0000000087600000|100%| O|  |TAMS 0x0000000087500000, 0x0000000087500000| Untracked 
| 118|0x0000000087600000, 0x0000000087700000, 0x0000000087700000|100%| O|  |TAMS 0x0000000087600000, 0x0000000087600000| Untracked 
| 119|0x0000000087700000, 0x0000000087800000, 0x0000000087800000|100%| O|  |TAMS 0x0000000087700000, 0x0000000087700000| Untracked 
| 120|0x0000000087800000, 0x0000000087900000, 0x0000000087900000|100%| O|  |TAMS 0x0000000087800000, 0x0000000087800000| Untracked 
| 121|0x0000000087900000, 0x0000000087a00000, 0x0000000087a00000|100%| O|  |TAMS 0x0000000087900000, 0x0000000087900000| Untracked 
| 122|0x0000000087a00000, 0x0000000087b00000, 0x0000000087b00000|100%| O|  |TAMS 0x0000000087a00000, 0x0000000087a00000| Untracked 
| 123|0x0000000087b00000, 0x0000000087c00000, 0x0000000087c00000|100%| O|  |TAMS 0x0000000087b00000, 0x0000000087b00000| Untracked 
| 124|0x0000000087c00000, 0x0000000087d00000, 0x0000000087d00000|100%| O|  |TAMS 0x0000000087c00000, 0x0000000087c00000| Untracked 
| 125|0x0000000087d00000, 0x0000000087e00000, 0x0000000087e00000|100%| O|  |TAMS 0x0000000087d00000, 0x0000000087d00000| Untracked 
| 126|0x0000000087e00000, 0x0000000087f00000, 0x0000000087f00000|100%| O|  |TAMS 0x0000000087e00000, 0x0000000087e00000| Untracked 
| 127|0x0000000087f00000, 0x0000000088000000, 0x0000000088000000|100%| O|  |TAMS 0x0000000087f00000, 0x0000000087f00000| Untracked 
| 128|0x0000000088000000, 0x0000000088100000, 0x0000000088100000|100%| O|  |TAMS 0x0000000088000000, 0x0000000088000000| Untracked 
| 129|0x0000000088100000, 0x0000000088200000, 0x0000000088200000|100%| O|  |TAMS 0x0000000088100000, 0x0000000088100000| Untracked 
| 130|0x0000000088200000, 0x0000000088300000, 0x0000000088300000|100%| O|  |TAMS 0x0000000088200000, 0x0000000088200000| Untracked 
| 131|0x0000000088300000, 0x0000000088400000, 0x0000000088400000|100%| O|  |TAMS 0x0000000088300000, 0x0000000088300000| Untracked 
| 132|0x0000000088400000, 0x0000000088500000, 0x0000000088500000|100%| O|  |TAMS 0x0000000088400000, 0x0000000088400000| Untracked 
| 133|0x0000000088500000, 0x0000000088600000, 0x0000000088600000|100%| O|  |TAMS 0x0000000088500000, 0x0000000088500000| Untracked 
| 134|0x0000000088600000, 0x0000000088700000, 0x0000000088700000|100%| O|  |TAMS 0x0000000088600000, 0x0000000088600000| Untracked 
| 135|0x0000000088700000, 0x0000000088800000, 0x0000000088800000|100%| O|  |TAMS 0x0000000088700000, 0x0000000088700000| Untracked 
| 136|0x0000000088800000, 0x0000000088900000, 0x0000000088900000|100%| O|  |TAMS 0x0000000088800000, 0x0000000088800000| Untracked 
| 137|0x0000000088900000, 0x0000000088a00000, 0x0000000088a00000|100%| O|  |TAMS 0x0000000088900000, 0x0000000088900000| Untracked 
| 138|0x0000000088a00000, 0x0000000088b00000, 0x0000000088b00000|100%| O|  |TAMS 0x0000000088a00000, 0x0000000088a00000| Untracked 
| 139|0x0000000088b00000, 0x0000000088c00000, 0x0000000088c00000|100%| O|  |TAMS 0x0000000088b00000, 0x0000000088b00000| Untracked 
| 140|0x0000000088c00000, 0x0000000088d00000, 0x0000000088d00000|100%| O|  |TAMS 0x0000000088c00000, 0x0000000088c00000| Untracked 
| 141|0x0000000088d00000, 0x0000000088e00000, 0x0000000088e00000|100%| O|  |TAMS 0x0000000088d00000, 0x0000000088d00000| Untracked 
| 142|0x0000000088e00000, 0x0000000088f00000, 0x0000000088f00000|100%| O|  |TAMS 0x0000000088e00000, 0x0000000088e00000| Untracked 
| 143|0x0000000088f00000, 0x0000000089000000, 0x0000000089000000|100%| O|  |TAMS 0x0000000088f00000, 0x0000000088f00000| Untracked 
| 144|0x0000000089000000, 0x0000000089100000, 0x0000000089100000|100%| O|  |TAMS 0x0000000089000000, 0x0000000089000000| Untracked 
| 145|0x0000000089100000, 0x0000000089200000, 0x0000000089200000|100%| O|  |TAMS 0x0000000089100000, 0x0000000089100000| Untracked 
| 146|0x0000000089200000, 0x0000000089300000, 0x0000000089300000|100%| O|  |TAMS 0x0000000089200000, 0x0000000089200000| Untracked 
| 147|0x0000000089300000, 0x0000000089400000, 0x0000000089400000|100%| O|  |TAMS 0x0000000089300000, 0x0000000089300000| Untracked 
| 148|0x0000000089400000, 0x0000000089500000, 0x0000000089500000|100%| O|  |TAMS 0x0000000089400000, 0x0000000089400000| Untracked 
| 149|0x0000000089500000, 0x0000000089600000, 0x0000000089600000|100%| O|  |TAMS 0x0000000089500000, 0x0000000089500000| Untracked 
| 150|0x0000000089600000, 0x0000000089700000, 0x0000000089700000|100%| O|  |TAMS 0x0000000089600000, 0x0000000089600000| Untracked 
| 151|0x0000000089700000, 0x0000000089800000, 0x0000000089800000|100%| O|  |TAMS 0x0000000089700000, 0x0000000089700000| Untracked 
| 152|0x0000000089800000, 0x0000000089900000, 0x0000000089900000|100%| O|  |TAMS 0x0000000089800000, 0x0000000089800000| Untracked 
| 153|0x0000000089900000, 0x0000000089a00000, 0x0000000089a00000|100%| O|  |TAMS 0x0000000089900000, 0x0000000089900000| Untracked 
| 154|0x0000000089a00000, 0x0000000089b00000, 0x0000000089b00000|100%| O|  |TAMS 0x0000000089a00000, 0x0000000089a00000| Untracked 
| 155|0x0000000089b00000, 0x0000000089be2e00, 0x0000000089c00000| 88%| O|  |TAMS 0x0000000089b00000, 0x0000000089b00000| Untracked 
| 156|0x0000000089c00000, 0x0000000089c00000, 0x0000000089d00000|  0%| F|  |TAMS 0x0000000089c00000, 0x0000000089c00000| Untracked 
| 157|0x0000000089d00000, 0x0000000089d00000, 0x0000000089e00000|  0%| F|  |TAMS 0x0000000089d00000, 0x0000000089d00000| Untracked 
| 158|0x0000000089e00000, 0x0000000089e00000, 0x0000000089f00000|  0%| F|  |TAMS 0x0000000089e00000, 0x0000000089e00000| Untracked 
| 159|0x0000000089f00000, 0x0000000089f00000, 0x000000008a000000|  0%| F|  |TAMS 0x0000000089f00000, 0x0000000089f00000| Untracked 
| 160|0x000000008a000000, 0x000000008a000000, 0x000000008a100000|  0%| F|  |TAMS 0x000000008a000000, 0x000000008a000000| Untracked 
| 161|0x000000008a100000, 0x000000008a100000, 0x000000008a200000|  0%| F|  |TAMS 0x000000008a100000, 0x000000008a100000| Untracked 
| 162|0x000000008a200000, 0x000000008a200000, 0x000000008a300000|  0%| F|  |TAMS 0x000000008a200000, 0x000000008a200000| Untracked 
| 163|0x000000008a300000, 0x000000008a300000, 0x000000008a400000|  0%| F|  |TAMS 0x000000008a300000, 0x000000008a300000| Untracked 
| 164|0x000000008a400000, 0x000000008a400000, 0x000000008a500000|  0%| F|  |TAMS 0x000000008a400000, 0x000000008a400000| Untracked 
| 165|0x000000008a500000, 0x000000008a500000, 0x000000008a600000|  0%| F|  |TAMS 0x000000008a500000, 0x000000008a500000| Untracked 
| 166|0x000000008a600000, 0x000000008a600000, 0x000000008a700000|  0%| F|  |TAMS 0x000000008a600000, 0x000000008a600000| Untracked 
| 167|0x000000008a700000, 0x000000008a700000, 0x000000008a800000|  0%| F|  |TAMS 0x000000008a700000, 0x000000008a700000| Untracked 
| 168|0x000000008a800000, 0x000000008a800000, 0x000000008a900000|  0%| F|  |TAMS 0x000000008a800000, 0x000000008a800000| Untracked 
| 169|0x000000008a900000, 0x000000008a900000, 0x000000008aa00000|  0%| F|  |TAMS 0x000000008a900000, 0x000000008a900000| Untracked 
| 170|0x000000008aa00000, 0x000000008aa00000, 0x000000008ab00000|  0%| F|  |TAMS 0x000000008aa00000, 0x000000008aa00000| Untracked 
| 171|0x000000008ab00000, 0x000000008ab00000, 0x000000008ac00000|  0%| F|  |TAMS 0x000000008ab00000, 0x000000008ab00000| Untracked 
| 172|0x000000008ac00000, 0x000000008ac00000, 0x000000008ad00000|  0%| F|  |TAMS 0x000000008ac00000, 0x000000008ac00000| Untracked 
| 173|0x000000008ad00000, 0x000000008ad00000, 0x000000008ae00000|  0%| F|  |TAMS 0x000000008ad00000, 0x000000008ad00000| Untracked 
| 174|0x000000008ae00000, 0x000000008ae00000, 0x000000008af00000|  0%| F|  |TAMS 0x000000008ae00000, 0x000000008ae00000| Untracked 
| 175|0x000000008af00000, 0x000000008af00000, 0x000000008b000000|  0%| F|  |TAMS 0x000000008af00000, 0x000000008af00000| Untracked 
| 176|0x000000008b000000, 0x000000008b000000, 0x000000008b100000|  0%| F|  |TAMS 0x000000008b000000, 0x000000008b000000| Untracked 
| 177|0x000000008b100000, 0x000000008b100000, 0x000000008b200000|  0%| F|  |TAMS 0x000000008b100000, 0x000000008b100000| Untracked 
| 178|0x000000008b200000, 0x000000008b200000, 0x000000008b300000|  0%| F|  |TAMS 0x000000008b200000, 0x000000008b200000| Untracked 
| 179|0x000000008b300000, 0x000000008b300000, 0x000000008b400000|  0%| F|  |TAMS 0x000000008b300000, 0x000000008b300000| Untracked 
| 180|0x000000008b400000, 0x000000008b400000, 0x000000008b500000|  0%| F|  |TAMS 0x000000008b400000, 0x000000008b400000| Untracked 
| 181|0x000000008b500000, 0x000000008b500000, 0x000000008b600000|  0%| F|  |TAMS 0x000000008b500000, 0x000000008b500000| Untracked 
| 182|0x000000008b600000, 0x000000008b600000, 0x000000008b700000|  0%| F|  |TAMS 0x000000008b600000, 0x000000008b600000| Untracked 
| 183|0x000000008b700000, 0x000000008b700000, 0x000000008b800000|  0%| F|  |TAMS 0x000000008b700000, 0x000000008b700000| Untracked 
| 184|0x000000008b800000, 0x000000008b800000, 0x000000008b900000|  0%| F|  |TAMS 0x000000008b800000, 0x000000008b800000| Untracked 
| 185|0x000000008b900000, 0x000000008b900000, 0x000000008ba00000|  0%| F|  |TAMS 0x000000008b900000, 0x000000008b900000| Untracked 
| 186|0x000000008ba00000, 0x000000008ba00000, 0x000000008bb00000|  0%| F|  |TAMS 0x000000008ba00000, 0x000000008ba00000| Untracked 
| 187|0x000000008bb00000, 0x000000008bb00000, 0x000000008bc00000|  0%| F|  |TAMS 0x000000008bb00000, 0x000000008bb00000| Untracked 
| 188|0x000000008bc00000, 0x000000008bc00000, 0x000000008bd00000|  0%| F|  |TAMS 0x000000008bc00000, 0x000000008bc00000| Untracked 
| 189|0x000000008bd00000, 0x000000008bd00000, 0x000000008be00000|  0%| F|  |TAMS 0x000000008bd00000, 0x000000008bd00000| Untracked 
| 190|0x000000008be00000, 0x000000008be00000, 0x000000008bf00000|  0%| F|  |TAMS 0x000000008be00000, 0x000000008be00000| Untracked 
| 191|0x000000008bf00000, 0x000000008bf00000, 0x000000008c000000|  0%| F|  |TAMS 0x000000008bf00000, 0x000000008bf00000| Untracked 
| 192|0x000000008c000000, 0x000000008c000000, 0x000000008c100000|  0%| F|  |TAMS 0x000000008c000000, 0x000000008c000000| Untracked 
| 193|0x000000008c100000, 0x000000008c100000, 0x000000008c200000|  0%| F|  |TAMS 0x000000008c100000, 0x000000008c100000| Untracked 
| 194|0x000000008c200000, 0x000000008c200000, 0x000000008c300000|  0%| F|  |TAMS 0x000000008c200000, 0x000000008c200000| Untracked 
| 195|0x000000008c300000, 0x000000008c300000, 0x000000008c400000|  0%| F|  |TAMS 0x000000008c300000, 0x000000008c300000| Untracked 
| 196|0x000000008c400000, 0x000000008c400000, 0x000000008c500000|  0%| F|  |TAMS 0x000000008c400000, 0x000000008c400000| Untracked 
| 197|0x000000008c500000, 0x000000008c500000, 0x000000008c600000|  0%| F|  |TAMS 0x000000008c500000, 0x000000008c500000| Untracked 
| 198|0x000000008c600000, 0x000000008c600000, 0x000000008c700000|  0%| F|  |TAMS 0x000000008c600000, 0x000000008c600000| Untracked 
| 199|0x000000008c700000, 0x000000008c700000, 0x000000008c800000|  0%| F|  |TAMS 0x000000008c700000, 0x000000008c700000| Untracked 
| 200|0x000000008c800000, 0x000000008c800000, 0x000000008c900000|  0%| F|  |TAMS 0x000000008c800000, 0x000000008c800000| Untracked 
| 201|0x000000008c900000, 0x000000008c900000, 0x000000008ca00000|  0%| F|  |TAMS 0x000000008c900000, 0x000000008c900000| Untracked 
| 202|0x000000008ca00000, 0x000000008ca00000, 0x000000008cb00000|  0%| F|  |TAMS 0x000000008ca00000, 0x000000008ca00000| Untracked 
| 203|0x000000008cb00000, 0x000000008cb00000, 0x000000008cc00000|  0%| F|  |TAMS 0x000000008cb00000, 0x000000008cb00000| Untracked 
| 204|0x000000008cc00000, 0x000000008cc00000, 0x000000008cd00000|  0%| F|  |TAMS 0x000000008cc00000, 0x000000008cc00000| Untracked 
| 205|0x000000008cd00000, 0x000000008cd00000, 0x000000008ce00000|  0%| F|  |TAMS 0x000000008cd00000, 0x000000008cd00000| Untracked 
| 206|0x000000008ce00000, 0x000000008ce00000, 0x000000008cf00000|  0%| F|  |TAMS 0x000000008ce00000, 0x000000008ce00000| Untracked 
| 207|0x000000008cf00000, 0x000000008cf00000, 0x000000008d000000|  0%| F|  |TAMS 0x000000008cf00000, 0x000000008cf00000| Untracked 
| 208|0x000000008d000000, 0x000000008d000000, 0x000000008d100000|  0%| F|  |TAMS 0x000000008d000000, 0x000000008d000000| Untracked 
| 209|0x000000008d100000, 0x000000008d100000, 0x000000008d200000|  0%| F|  |TAMS 0x000000008d100000, 0x000000008d100000| Untracked 
| 210|0x000000008d200000, 0x000000008d200000, 0x000000008d300000|  0%| F|  |TAMS 0x000000008d200000, 0x000000008d200000| Untracked 
| 211|0x000000008d300000, 0x000000008d300000, 0x000000008d400000|  0%| F|  |TAMS 0x000000008d300000, 0x000000008d300000| Untracked 
| 212|0x000000008d400000, 0x000000008d400000, 0x000000008d500000|  0%| F|  |TAMS 0x000000008d400000, 0x000000008d400000| Untracked 
| 213|0x000000008d500000, 0x000000008d500000, 0x000000008d600000|  0%| F|  |TAMS 0x000000008d500000, 0x000000008d500000| Untracked 
| 214|0x000000008d600000, 0x000000008d600000, 0x000000008d700000|  0%| F|  |TAMS 0x000000008d600000, 0x000000008d600000| Untracked 
| 215|0x000000008d700000, 0x000000008d700000, 0x000000008d800000|  0%| F|  |TAMS 0x000000008d700000, 0x000000008d700000| Untracked 
| 216|0x000000008d800000, 0x000000008d800000, 0x000000008d900000|  0%| F|  |TAMS 0x000000008d800000, 0x000000008d800000| Untracked 
| 217|0x000000008d900000, 0x000000008d900000, 0x000000008da00000|  0%| F|  |TAMS 0x000000008d900000, 0x000000008d900000| Untracked 
| 218|0x000000008da00000, 0x000000008da00000, 0x000000008db00000|  0%| F|  |TAMS 0x000000008da00000, 0x000000008da00000| Untracked 
| 219|0x000000008db00000, 0x000000008db00000, 0x000000008dc00000|  0%| F|  |TAMS 0x000000008db00000, 0x000000008db00000| Untracked 
| 220|0x000000008dc00000, 0x000000008dc00000, 0x000000008dd00000|  0%| F|  |TAMS 0x000000008dc00000, 0x000000008dc00000| Untracked 
| 221|0x000000008dd00000, 0x000000008dd00000, 0x000000008de00000|  0%| F|  |TAMS 0x000000008dd00000, 0x000000008dd00000| Untracked 
| 222|0x000000008de00000, 0x000000008de00000, 0x000000008df00000|  0%| F|  |TAMS 0x000000008de00000, 0x000000008de00000| Untracked 
| 223|0x000000008df00000, 0x000000008df00000, 0x000000008e000000|  0%| F|  |TAMS 0x000000008df00000, 0x000000008df00000| Untracked 
| 224|0x000000008e000000, 0x000000008e000000, 0x000000008e100000|  0%| F|  |TAMS 0x000000008e000000, 0x000000008e000000| Untracked 
| 225|0x000000008e100000, 0x000000008e100000, 0x000000008e200000|  0%| F|  |TAMS 0x000000008e100000, 0x000000008e100000| Untracked 
| 226|0x000000008e200000, 0x000000008e200000, 0x000000008e300000|  0%| F|  |TAMS 0x000000008e200000, 0x000000008e200000| Untracked 
| 227|0x000000008e300000, 0x000000008e300000, 0x000000008e400000|  0%| F|  |TAMS 0x000000008e300000, 0x000000008e300000| Untracked 
| 228|0x000000008e400000, 0x000000008e400000, 0x000000008e500000|  0%| F|  |TAMS 0x000000008e400000, 0x000000008e400000| Untracked 
| 229|0x000000008e500000, 0x000000008e500000, 0x000000008e600000|  0%| F|  |TAMS 0x000000008e500000, 0x000000008e500000| Untracked 
| 230|0x000000008e600000, 0x000000008e600000, 0x000000008e700000|  0%| F|  |TAMS 0x000000008e600000, 0x000000008e600000| Untracked 
| 231|0x000000008e700000, 0x000000008e700000, 0x000000008e800000|  0%| F|  |TAMS 0x000000008e700000, 0x000000008e700000| Untracked 
| 232|0x000000008e800000, 0x000000008e800000, 0x000000008e900000|  0%| F|  |TAMS 0x000000008e800000, 0x000000008e800000| Untracked 
| 233|0x000000008e900000, 0x000000008e900000, 0x000000008ea00000|  0%| F|  |TAMS 0x000000008e900000, 0x000000008e900000| Untracked 
| 234|0x000000008ea00000, 0x000000008ea00000, 0x000000008eb00000|  0%| F|  |TAMS 0x000000008ea00000, 0x000000008ea00000| Untracked 
| 235|0x000000008eb00000, 0x000000008eb00000, 0x000000008ec00000|  0%| F|  |TAMS 0x000000008eb00000, 0x000000008eb00000| Untracked 
| 236|0x000000008ec00000, 0x000000008ec00000, 0x000000008ed00000|  0%| F|  |TAMS 0x000000008ec00000, 0x000000008ec00000| Untracked 
| 237|0x000000008ed00000, 0x000000008ed00000, 0x000000008ee00000|  0%| F|  |TAMS 0x000000008ed00000, 0x000000008ed00000| Untracked 
| 238|0x000000008ee00000, 0x000000008ee00000, 0x000000008ef00000|  0%| F|  |TAMS 0x000000008ee00000, 0x000000008ee00000| Untracked 
| 239|0x000000008ef00000, 0x000000008ef00000, 0x000000008f000000|  0%| F|  |TAMS 0x000000008ef00000, 0x000000008ef00000| Untracked 
| 240|0x000000008f000000, 0x000000008f000000, 0x000000008f100000|  0%| F|  |TAMS 0x000000008f000000, 0x000000008f000000| Untracked 
| 241|0x000000008f100000, 0x000000008f100000, 0x000000008f200000|  0%| F|  |TAMS 0x000000008f100000, 0x000000008f100000| Untracked 
| 242|0x000000008f200000, 0x000000008f200000, 0x000000008f300000|  0%| F|  |TAMS 0x000000008f200000, 0x000000008f200000| Untracked 
| 243|0x000000008f300000, 0x000000008f300000, 0x000000008f400000|  0%| F|  |TAMS 0x000000008f300000, 0x000000008f300000| Untracked 
| 244|0x000000008f400000, 0x000000008f400000, 0x000000008f500000|  0%| F|  |TAMS 0x000000008f400000, 0x000000008f400000| Untracked 
| 245|0x000000008f500000, 0x000000008f500000, 0x000000008f600000|  0%| F|  |TAMS 0x000000008f500000, 0x000000008f500000| Untracked 
| 246|0x000000008f600000, 0x000000008f600000, 0x000000008f700000|  0%| F|  |TAMS 0x000000008f600000, 0x000000008f600000| Untracked 
| 247|0x000000008f700000, 0x000000008f700000, 0x000000008f800000|  0%| F|  |TAMS 0x000000008f700000, 0x000000008f700000| Untracked 
| 248|0x000000008f800000, 0x000000008f800000, 0x000000008f900000|  0%| F|  |TAMS 0x000000008f800000, 0x000000008f800000| Untracked 
| 249|0x000000008f900000, 0x000000008f900000, 0x000000008fa00000|  0%| F|  |TAMS 0x000000008f900000, 0x000000008f900000| Untracked 
| 250|0x000000008fa00000, 0x000000008fa00000, 0x000000008fb00000|  0%| F|  |TAMS 0x000000008fa00000, 0x000000008fa00000| Untracked 
| 251|0x000000008fb00000, 0x000000008fb00000, 0x000000008fc00000|  0%| F|  |TAMS 0x000000008fb00000, 0x000000008fb00000| Untracked 
| 252|0x000000008fc00000, 0x000000008fc00000, 0x000000008fd00000|  0%| F|  |TAMS 0x000000008fc00000, 0x000000008fc00000| Untracked 
| 253|0x000000008fd00000, 0x000000008fd00000, 0x000000008fe00000|  0%| F|  |TAMS 0x000000008fd00000, 0x000000008fd00000| Untracked 
| 254|0x000000008fe00000, 0x000000008fe00000, 0x000000008ff00000|  0%| F|  |TAMS 0x000000008fe00000, 0x000000008fe00000| Untracked 
| 255|0x000000008ff00000, 0x000000008ff00000, 0x0000000090000000|  0%| F|  |TAMS 0x000000008ff00000, 0x000000008ff00000| Untracked 
| 256|0x0000000090000000, 0x0000000090000000, 0x0000000090100000|  0%| F|  |TAMS 0x0000000090000000, 0x0000000090000000| Untracked 
| 257|0x0000000090100000, 0x0000000090100000, 0x0000000090200000|  0%| F|  |TAMS 0x0000000090100000, 0x0000000090100000| Untracked 
| 258|0x0000000090200000, 0x0000000090200000, 0x0000000090300000|  0%| F|  |TAMS 0x0000000090200000, 0x0000000090200000| Untracked 
| 259|0x0000000090300000, 0x0000000090300000, 0x0000000090400000|  0%| F|  |TAMS 0x0000000090300000, 0x0000000090300000| Untracked 
| 260|0x0000000090400000, 0x0000000090400000, 0x0000000090500000|  0%| F|  |TAMS 0x0000000090400000, 0x0000000090400000| Untracked 
| 261|0x0000000090500000, 0x0000000090500000, 0x0000000090600000|  0%| F|  |TAMS 0x0000000090500000, 0x0000000090500000| Untracked 
| 262|0x0000000090600000, 0x0000000090600000, 0x0000000090700000|  0%| F|  |TAMS 0x0000000090600000, 0x0000000090600000| Untracked 
| 263|0x0000000090700000, 0x0000000090700000, 0x0000000090800000|  0%| F|  |TAMS 0x0000000090700000, 0x0000000090700000| Untracked 
| 264|0x0000000090800000, 0x0000000090800000, 0x0000000090900000|  0%| F|  |TAMS 0x0000000090800000, 0x0000000090800000| Untracked 
| 265|0x0000000090900000, 0x0000000090900000, 0x0000000090a00000|  0%| F|  |TAMS 0x0000000090900000, 0x0000000090900000| Untracked 
| 266|0x0000000090a00000, 0x0000000090a0ac60, 0x0000000090b00000|  4%| S|CS|TAMS 0x0000000090a00000, 0x0000000090a00000| Complete 
| 267|0x0000000090b00000, 0x0000000090c00000, 0x0000000090c00000|100%| S|CS|TAMS 0x0000000090b00000, 0x0000000090b00000| Complete 
| 268|0x0000000090c00000, 0x0000000090c00000, 0x0000000090d00000|  0%| F|  |TAMS 0x0000000090c00000, 0x0000000090c00000| Untracked 
| 269|0x0000000090d00000, 0x0000000090d00000, 0x0000000090e00000|  0%| F|  |TAMS 0x0000000090d00000, 0x0000000090d00000| Untracked 
| 270|0x0000000090e00000, 0x0000000090e00000, 0x0000000090f00000|  0%| F|  |TAMS 0x0000000090e00000, 0x0000000090e00000| Untracked 
| 271|0x0000000090f00000, 0x0000000090f00000, 0x0000000091000000|  0%| F|  |TAMS 0x0000000090f00000, 0x0000000090f00000| Untracked 
| 272|0x0000000091000000, 0x0000000091000000, 0x0000000091100000|  0%| F|  |TAMS 0x0000000091000000, 0x0000000091000000| Untracked 
| 273|0x0000000091100000, 0x0000000091100000, 0x0000000091200000|  0%| F|  |TAMS 0x0000000091100000, 0x0000000091100000| Untracked 
| 274|0x0000000091200000, 0x0000000091200000, 0x0000000091300000|  0%| F|  |TAMS 0x0000000091200000, 0x0000000091200000| Untracked 
| 275|0x0000000091300000, 0x0000000091300000, 0x0000000091400000|  0%| F|  |TAMS 0x0000000091300000, 0x0000000091300000| Untracked 
| 276|0x0000000091400000, 0x0000000091400000, 0x0000000091500000|  0%| F|  |TAMS 0x0000000091400000, 0x0000000091400000| Untracked 
| 277|0x0000000091500000, 0x0000000091500000, 0x0000000091600000|  0%| F|  |TAMS 0x0000000091500000, 0x0000000091500000| Untracked 
| 278|0x0000000091600000, 0x0000000091600000, 0x0000000091700000|  0%| F|  |TAMS 0x0000000091600000, 0x0000000091600000| Untracked 
| 279|0x0000000091700000, 0x0000000091700000, 0x0000000091800000|  0%| F|  |TAMS 0x0000000091700000, 0x0000000091700000| Untracked 
| 280|0x0000000091800000, 0x0000000091800000, 0x0000000091900000|  0%| F|  |TAMS 0x0000000091800000, 0x0000000091800000| Untracked 
| 281|0x0000000091900000, 0x0000000091900000, 0x0000000091a00000|  0%| F|  |TAMS 0x0000000091900000, 0x0000000091900000| Untracked 

Card table byte_map: [0x000001b1e2750000,0x000001b1e2b50000] _byte_map_base: 0x000001b1e2350000

Marking Bits (Prev, Next): (CMBitMap*) 0x000001b1c95e9240, (CMBitMap*) 0x000001b1c95e9280
 Prev Bits: [0x000001b1e2f50000, 0x000001b1e4f50000)
 Next Bits: [0x000001b1e4f50000, 0x000001b1e6f50000)

Polling page: 0x000001b1c9650000

Metaspace:

Usage:
  Non-class:     90.93 MB used.
      Class:     14.80 MB used.
       Both:    105.73 MB used.

Virtual space:
  Non-class space:      128.00 MB reserved,      91.69 MB ( 72%) committed,  2 nodes.
      Class space:      416.00 MB reserved,      15.50 MB (  4%) committed,  1 nodes.
             Both:      544.00 MB reserved,     107.19 MB ( 20%) committed. 

Chunk freelists:
   Non-Class:  4.12 MB
       Class:  521.00 KB
        Both:  4.63 MB

MaxMetaspaceSize: 512.00 MB
CompressedClassSpaceSize: 416.00 MB
Initial GC threshold: 21.00 MB
Current GC threshold: 127.50 MB
CDS: on
MetaspaceReclaimPolicy: balanced
 - commit_granule_bytes: 65536.
 - commit_granule_words: 8192.
 - virtual_space_node_default_size: 8388608.
 - enlarge_chunks_in_place: 1.
 - new_chunks_are_fully_committed: 0.
 - uncommit_free_chunks: 1.
 - use_allocation_guard: 0.
 - handle_deallocations: 1.


Internal statistics:

num_allocs_failed_limit: 6.
num_arena_births: 2212.
num_arena_deaths: 0.
num_vsnodes_births: 3.
num_vsnodes_deaths: 0.
num_space_committed: 1715.
num_space_uncommitted: 0.
num_chunks_returned_to_freelist: 6.
num_chunks_taken_from_freelist: 7316.
num_chunk_merges: 6.
num_chunk_splits: 4632.
num_chunks_enlarged: 2837.
num_inconsistent_stats: 0.

CodeHeap 'non-profiled nmethods': size=120000Kb used=9496Kb max_used=9496Kb free=110503Kb
 bounds [0x000001b1da1a0000, 0x000001b1daaf0000, 0x000001b1e16d0000]
CodeHeap 'profiled nmethods': size=120000Kb used=27992Kb max_used=27992Kb free=92007Kb
 bounds [0x000001b1d26d0000, 0x000001b1d4230000, 0x000001b1d9c00000]
CodeHeap 'non-nmethods': size=5760Kb used=1783Kb max_used=1834Kb free=3976Kb
 bounds [0x000001b1d9c00000, 0x000001b1d9e70000, 0x000001b1da1a0000]
 total_blobs=14931 nmethods=14051 adapters=791
 compilation: enabled
              stopped_count=0, restarted_count=0
 full_count=0

Compilation events (20 events):
Event: 287.287 Thread 0x000001b1e9c2ff10 nmethod 16776 0x000001b1d4224a10 code [0x000001b1d4224be0, 0x000001b1d4224f78]
Event: 287.287 Thread 0x000001b1e9c2ff10 16777       3       org.gradle.internal.snapshot.impl.DirectorySnapshotterStatistics$CollectingFileVisitor::postVisitDirectory (10 bytes)
Event: 287.287 Thread 0x000001b1e9c2ff10 nmethod 16777 0x000001b1d4225110 code [0x000001b1d42252c0, 0x000001b1d4225568]
Event: 291.330 Thread 0x000001b1e9c1f600 16778       4       java.net.DatagramSocket::delegate (22 bytes)
Event: 291.425 Thread 0x000001b1e9c1f600 nmethod 16778 0x000001b1daae0490 code [0x000001b1daae0600, 0x000001b1daae0698]
Event: 292.634 Thread 0x000001b1e9c1f600 16779       4       org.gradle.internal.hash.HashCode::toStringBuilder (67 bytes)
Event: 292.737 Thread 0x000001b1e9c1f600 nmethod 16779 0x000001b1daae0790 code [0x000001b1daae0980, 0x000001b1daae18b0]
Event: 294.341 Thread 0x000001b1e9c2ff10 16780       3       sun.nio.fs.WindowsFileAttributeViews$Basic::readAttributes (5 bytes)
Event: 294.342 Thread 0x000001b1e9c2ff10 nmethod 16780 0x000001b1d4225690 code [0x000001b1d42258a0, 0x000001b1d4225ee8]
Event: 296.723 Thread 0x000001b1e9c1f600 16781       4       it.unimi.dsi.fastutil.longs.Long2ObjectOpenHashMap::get (119 bytes)
Event: 296.726 Thread 0x000001b1e9c1f600 nmethod 16781 0x000001b1daae2090 code [0x000001b1daae2220, 0x000001b1daae2438]
Event: 296.741 Thread 0x000001b1e9c1f600 16782   !   4       org.gradle.cache.internal.DefaultFileLockManager$AwaitableFileLockReleasedSignal::await (78 bytes)
Event: 296.767 Thread 0x000001b1e9c1f600 nmethod 16782 0x000001b1daae2610 code [0x000001b1daae2840, 0x000001b1daae3b00]
Event: 296.891 Thread 0x000001b1e9c1f600 16783       4       org.gradle.internal.fingerprint.impl.DefaultFileCollectionSnapshotter::snapshot (29 bytes)
Event: 296.964 Thread 0x000001b1e9c1f600 nmethod 16783 0x000001b1daae4710 code [0x000001b1daae4900, 0x000001b1daae4e08]
Event: 296.968 Thread 0x000001b1e9c1f600 16784       4       org.gradle.internal.operations.DefaultBuildOperationListenerManager$1::progress (47 bytes)
Event: 296.978 Thread 0x000001b1e9c1f600 nmethod 16784 0x000001b1daae5310 code [0x000001b1daae54e0, 0x000001b1daae5a48]
Event: 296.981 Thread 0x000001b1e9c1f600 16785       4       sun.nio.cs.UTF_8$Decoder::decodeLoop (28 bytes)
Event: 296.986 Thread 0x000001b1e9c2ff10 16787   !   3       java.util.concurrent.locks.AbstractQueuedSynchronizer::acquire (407 bytes)
Event: 296.991 Thread 0x000001b1e9c2ff10 nmethod 16787 0x000001b1d4226110 code [0x000001b1d42264a0, 0x000001b1d4228028]

GC Heap History (20 events):
Event: 153.583 GC heap after
{Heap after GC invocations=71 (full 0):
 garbage-first heap   total 168960K, used 137216K [0x0000000080000000, 0x0000000100000000)
  region size 1024K, 2 young (2048K), 2 survivors (2048K)
 Metaspace       used 104901K, committed 106432K, reserved 557056K
  class space    used 14789K, committed 15552K, reserved 425984K
}
Event: 157.166 GC heap before
{Heap before GC invocations=71 (full 0):
 garbage-first heap   total 168960K, used 147456K [0x0000000080000000, 0x0000000100000000)
  region size 1024K, 12 young (12288K), 2 survivors (2048K)
 Metaspace       used 106203K, committed 107584K, reserved 557056K
  class space    used 14917K, committed 15616K, reserved 425984K
}
Event: 157.193 GC heap after
{Heap after GC invocations=72 (full 0):
 garbage-first heap   total 168960K, used 139334K [0x0000000080000000, 0x0000000100000000)
  region size 1024K, 2 young (2048K), 2 survivors (2048K)
 Metaspace       used 106203K, committed 107584K, reserved 557056K
  class space    used 14917K, committed 15616K, reserved 425984K
}
Event: 157.449 GC heap before
{Heap before GC invocations=72 (full 0):
 garbage-first heap   total 168960K, used 146502K [0x0000000080000000, 0x0000000100000000)
  region size 1024K, 9 young (9216K), 2 survivors (2048K)
 Metaspace       used 106203K, committed 107584K, reserved 557056K
  class space    used 14917K, committed 15616K, reserved 425984K
}
Event: 157.457 GC heap after
{Heap after GC invocations=73 (full 0):
 garbage-first heap   total 168960K, used 140059K [0x0000000080000000, 0x0000000100000000)
  region size 1024K, 1 young (1024K), 1 survivors (1024K)
 Metaspace       used 106203K, committed 107584K, reserved 557056K
  class space    used 14917K, committed 15616K, reserved 425984K
}
Event: 157.486 GC heap before
{Heap before GC invocations=73 (full 0):
 garbage-first heap   total 168960K, used 147227K [0x0000000080000000, 0x0000000100000000)
  region size 1024K, 8 young (8192K), 1 survivors (1024K)
 Metaspace       used 106203K, committed 107584K, reserved 557056K
  class space    used 14917K, committed 15616K, reserved 425984K
}
Event: 157.495 GC heap after
{Heap after GC invocations=74 (full 0):
 garbage-first heap   total 288768K, used 139919K [0x0000000080000000, 0x0000000100000000)
  region size 1024K, 1 young (1024K), 1 survivors (1024K)
 Metaspace       used 106203K, committed 107584K, reserved 557056K
  class space    used 14917K, committed 15616K, reserved 425984K
}
Event: 183.206 GC heap before
{Heap before GC invocations=74 (full 0):
 garbage-first heap   total 288768K, used 224911K [0x0000000080000000, 0x0000000100000000)
  region size 1024K, 84 young (86016K), 1 survivors (1024K)
 Metaspace       used 107069K, committed 108544K, reserved 557056K
  class space    used 15036K, committed 15744K, reserved 425984K
}
Event: 183.418 GC heap after
{Heap after GC invocations=75 (full 0):
 garbage-first heap   total 288768K, used 146932K [0x0000000080000000, 0x0000000100000000)
  region size 1024K, 8 young (8192K), 8 survivors (8192K)
 Metaspace       used 107069K, committed 108544K, reserved 557056K
  class space    used 15036K, committed 15744K, reserved 425984K
}
Event: 252.281 GC heap before
{Heap before GC invocations=75 (full 0):
 garbage-first heap   total 288768K, used 231924K [0x0000000080000000, 0x0000000100000000)
  region size 1024K, 92 young (94208K), 8 survivors (8192K)
 Metaspace       used 108216K, committed 109696K, reserved 557056K
  class space    used 15156K, committed 15872K, reserved 425984K
}
Event: 253.216 GC heap after
{Heap after GC invocations=76 (full 0):
 garbage-first heap   total 288768K, used 153770K [0x0000000080000000, 0x0000000100000000)
  region size 1024K, 9 young (9216K), 9 survivors (9216K)
 Metaspace       used 108216K, committed 109696K, reserved 557056K
  class space    used 15156K, committed 15872K, reserved 425984K
}
Event: 254.597 GC heap before
{Heap before GC invocations=76 (full 0):
 garbage-first heap   total 288768K, used 157866K [0x0000000080000000, 0x0000000100000000)
  region size 1024K, 14 young (14336K), 9 survivors (9216K)
 Metaspace       used 108239K, committed 109696K, reserved 557056K
  class space    used 15156K, committed 15872K, reserved 425984K
}
Event: 254.825 GC heap after
{Heap after GC invocations=77 (full 0):
 garbage-first heap   total 288768K, used 155465K [0x0000000080000000, 0x0000000100000000)
  region size 1024K, 2 young (2048K), 2 survivors (2048K)
 Metaspace       used 108239K, committed 109696K, reserved 557056K
  class space    used 15156K, committed 15872K, reserved 425984K
}
Event: 256.410 GC heap before
{Heap before GC invocations=77 (full 0):
 garbage-first heap   total 288768K, used 186185K [0x0000000080000000, 0x0000000100000000)
  region size 1024K, 33 young (33792K), 2 survivors (2048K)
 Metaspace       used 108251K, committed 109696K, reserved 557056K
  class space    used 15156K, committed 15872K, reserved 425984K
}
Event: 256.441 GC heap after
{Heap after GC invocations=78 (full 0):
 garbage-first heap   total 288768K, used 157617K [0x0000000080000000, 0x0000000100000000)
  region size 1024K, 5 young (5120K), 5 survivors (5120K)
 Metaspace       used 108251K, committed 109696K, reserved 557056K
  class space    used 15156K, committed 15872K, reserved 425984K
}
Event: 280.983 GC heap before
{Heap before GC invocations=78 (full 0):
 garbage-first heap   total 288768K, used 191409K [0x0000000080000000, 0x0000000100000000)
  region size 1024K, 39 young (39936K), 5 survivors (5120K)
 Metaspace       used 108263K, committed 109760K, reserved 557056K
  class space    used 15156K, committed 15872K, reserved 425984K
}
Event: 284.002 GC heap after
{Heap after GC invocations=79 (full 0):
 garbage-first heap   total 288768K, used 159457K [0x0000000080000000, 0x0000000100000000)
  region size 1024K, 2 young (2048K), 2 survivors (2048K)
 Metaspace       used 108263K, committed 109760K, reserved 557056K
  class space    used 15156K, committed 15872K, reserved 425984K
}
Event: 293.355 GC heap before
{Heap before GC invocations=79 (full 0):
 garbage-first heap   total 288768K, used 170721K [0x0000000080000000, 0x0000000100000000)
  region size 1024K, 14 young (14336K), 2 survivors (2048K)
 Metaspace       used 108264K, committed 109760K, reserved 557056K
  class space    used 15156K, committed 15872K, reserved 425984K
}
Event: 294.055 GC heap after
{Heap after GC invocations=80 (full 0):
 garbage-first heap   total 288768K, used 160284K [0x0000000080000000, 0x0000000100000000)
  region size 1024K, 1 young (1024K), 1 survivors (1024K)
 Metaspace       used 108264K, committed 109760K, reserved 557056K
  class space    used 15156K, committed 15872K, reserved 425984K
}
Event: 297.015 GC heap before
{Heap before GC invocations=80 (full 0):
 garbage-first heap   total 288768K, used 172572K [0x0000000080000000, 0x0000000100000000)
  region size 1024K, 14 young (14336K), 1 survivors (1024K)
 Metaspace       used 108264K, committed 109760K, reserved 557056K
  class space    used 15156K, committed 15872K, reserved 425984K
}

Deoptimization events (20 events):
Event: 263.830 Thread 0x000001b1f16daa50 DEOPT PACKING pc=0x000001b1d420d8e3 sp=0x000000440b7fd6c0
Event: 263.882 Thread 0x000001b1f16daa50 DEOPT UNPACKING pc=0x000001b1d9c52b43 sp=0x000000440b7fcb80 mode 0
Event: 265.918 Thread 0x000001b1f2726450 DEOPT PACKING pc=0x000001b1d420d8e3 sp=0x00000044149fd3d0
Event: 265.918 Thread 0x000001b1f2726450 DEOPT UNPACKING pc=0x000001b1d9c52b43 sp=0x00000044149fc890 mode 0
Event: 268.251 Thread 0x000001b1f16daa50 DEOPT PACKING pc=0x000001b1d420d8e3 sp=0x000000440b7fd6c0
Event: 268.251 Thread 0x000001b1f16daa50 DEOPT UNPACKING pc=0x000001b1d9c52b43 sp=0x000000440b7fcb80 mode 0
Event: 270.785 Thread 0x000001b1f16d4a10 DEOPT PACKING pc=0x000001b1d420d8e3 sp=0x000000440b5fcfd0
Event: 270.785 Thread 0x000001b1f16d4a10 DEOPT UNPACKING pc=0x000001b1d9c52b43 sp=0x000000440b5fc490 mode 0
Event: 277.542 Thread 0x000001b1f16d9240 Uncommon trap: trap_request=0xffffff45 fr.pc=0x000001b1da5dc244 relative=0x00000000000015a4
Event: 277.542 Thread 0x000001b1f16d9240 Uncommon trap: reason=unstable_if action=reinterpret pc=0x000001b1da5dc244 method=java.util.concurrent.ConcurrentHashMap.addCount(JI)V @ 171 c2
Event: 277.542 Thread 0x000001b1f16d9240 DEOPT PACKING pc=0x000001b1da5dc244 sp=0x000000440b6fe1e0
Event: 277.817 Thread 0x000001b1f16d9240 DEOPT UNPACKING pc=0x000001b1d9c523a3 sp=0x000000440b6fe0b0 mode 2
Event: 277.919 Thread 0x000001b1f2726450 Uncommon trap: trap_request=0xffffff45 fr.pc=0x000001b1da5dc244 relative=0x00000000000015a4
Event: 277.919 Thread 0x000001b1f2726450 Uncommon trap: reason=unstable_if action=reinterpret pc=0x000001b1da5dc244 method=java.util.concurrent.ConcurrentHashMap.addCount(JI)V @ 171 c2
Event: 277.919 Thread 0x000001b1f2726450 DEOPT PACKING pc=0x000001b1da5dc244 sp=0x00000044149fe2c0
Event: 277.919 Thread 0x000001b1f2726450 DEOPT UNPACKING pc=0x000001b1d9c523a3 sp=0x00000044149fe190 mode 2
Event: 296.929 Thread 0x000001b1f16db3f0 Uncommon trap: trap_request=0xffffff45 fr.pc=0x000001b1da5f65fc relative=0x0000000000001f9c
Event: 296.929 Thread 0x000001b1f16db3f0 Uncommon trap: reason=unstable_if action=reinterpret pc=0x000001b1da5f65fc method=java.util.concurrent.locks.AbstractQueuedSynchronizer.hasQueuedPredecessors()Z @ 33 c2
Event: 296.929 Thread 0x000001b1f16db3f0 DEOPT PACKING pc=0x000001b1da5f65fc sp=0x000000440bbfc9b0
Event: 296.929 Thread 0x000001b1f16db3f0 DEOPT UNPACKING pc=0x000001b1d9c523a3 sp=0x000000440bbfc880 mode 2

Classes unloaded (0 events):
No events

Classes redefined (0 events):
No events

Internal exceptions (20 events):
Event: 154.133 Thread 0x000001b1efe75050 Exception <a 'java/lang/ClassNotFoundException'{0x000000008a1994a0}: org/gradle/api/internal/artifacts/repositories/AbstractArtifactRepositoryCustomizer> (0x000000008a1994a0) 
thrown [s\open\src\hotspot\share\classfile\systemDictionary.cpp, line 257]
Event: 154.163 Thread 0x000001b1efe75050 Exception <a 'java/lang/ClassNotFoundException'{0x000000008a1d90a8}: org/gradle/api/internal/artifacts/repositories/AbstractResolutionAwareArtifactRepositoryCustomizer> (0x000000008a1d90a8) 
thrown [s\open\src\hotspot\share\classfile\systemDictionary.cpp, line 257]
Event: 154.170 Thread 0x000001b1efe75050 Exception <a 'java/lang/ClassNotFoundException'{0x000000008a0015c8}: org/gradle/api/internal/artifacts/repositories/AbstractAuthenticationSupportedRepositoryCustomizer> (0x000000008a0015c8) 
thrown [s\open\src\hotspot\share\classfile\systemDictionary.cpp, line 257]
Event: 154.175 Thread 0x000001b1efe75050 Exception <a 'java/lang/ClassNotFoundException'{0x000000008a034258}: org/gradle/api/internal/artifacts/repositories/DefaultMavenArtifactRepositoryCustomizer> (0x000000008a034258) 
thrown [s\open\src\hotspot\share\classfile\systemDictionary.cpp, line 257]
Event: 154.190 Thread 0x000001b1efe75050 Exception <a 'java/lang/ClassNotFoundException'{0x000000008a06ab10}: org/gradle/api/internal/artifacts/repositories/DefaultMavenArtifactRepository_DecoratedCustomizer> (0x000000008a06ab10) 
thrown [s\open\src\hotspot\share\classfile\systemDictionary.cpp, line 257]
Event: 166.617 Thread 0x000001b1efe75050 Exception <a 'java/lang/NoSuchMethodError'{0x000000008ea92938}: 'void java.lang.invoke.DirectMethodHandle$Holder.invokeSpecial(java.lang.Object, java.lang.Object, java.lang.Object, java.lang.Object, java.lang.Object, java.lang.Object, java.lang.Object, java.lang.Object, java.lang.Object)'> (0x000000008ea92938) 
thrown [s\open\src\hotspot\share\interpreter\linkResolver.cpp, line 759]
Event: 180.605 Thread 0x000001b1efe75050 Exception <a 'java/lang/ClassNotFoundException'{0x000000008d1279d8}: com/android/build/gradle/internal/dsl/PrefabImpl_DecoratedBeanInfo> (0x000000008d1279d8) 
thrown [s\open\src\hotspot\share\classfile\systemDictionary.cpp, line 257]
Event: 180.611 Thread 0x000001b1efe75050 Exception <a 'java/lang/ClassNotFoundException'{0x000000008d139990}: com/android/build/gradle/internal/dsl/PrefabImplBeanInfo> (0x000000008d139990) 
thrown [s\open\src\hotspot\share\classfile\systemDictionary.cpp, line 257]
Event: 180.618 Thread 0x000001b1efe75050 Exception <a 'java/lang/ClassNotFoundException'{0x000000008d14ac38}: com/android/build/gradle/internal/dsl/PrefabImplCustomizer> (0x000000008d14ac38) 
thrown [s\open\src\hotspot\share\classfile\systemDictionary.cpp, line 257]
Event: 180.626 Thread 0x000001b1efe75050 Exception <a 'java/lang/ClassNotFoundException'{0x000000008d1634c8}: com/android/build/gradle/internal/dsl/PrefabImpl_DecoratedCustomizer> (0x000000008d1634c8) 
thrown [s\open\src\hotspot\share\classfile\systemDictionary.cpp, line 257]
Event: 210.642 Thread 0x000001b1efe75050 Implicit null exception at 0x000001b1daa1c69d to 0x000001b1daa1ce74
Event: 218.399 Thread 0x000001b1efe75050 Exception <a 'java/lang/NoSuchMethodError'{0x000000008e5adf58}: static Lcom/android/build/gradle/internal/cxx/prefab/PrefabPackagePublication;.<clinit>()V> (0x000000008e5adf58) 
thrown [s\open\src\hotspot\share\prims\jni.cpp, line 1112]
Event: 218.497 Thread 0x000001b1efe75050 Exception <a 'java/lang/NoSuchMethodError'{0x000000008e5de228}: static Lcom/android/build/gradle/internal/cxx/prefab/PrefabModulePublication;.<clinit>()V> (0x000000008e5de228) 
thrown [s\open\src\hotspot\share\prims\jni.cpp, line 1112]
Event: 218.540 Thread 0x000001b1efe75050 Exception <a 'java/lang/NoSuchMethodError'{0x000000008e5fac80}: static Lcom/android/build/gradle/internal/cxx/prefab/PrefabAbiPublication;.<clinit>()V> (0x000000008e5fac80) 
thrown [s\open\src\hotspot\share\prims\jni.cpp, line 1112]
Event: 223.180 Thread 0x000001b1efe75050 Implicit null exception at 0x000001b1daa3c978 to 0x000001b1daa3d17e
Event: 224.180 Thread 0x000001b1efe75050 Implicit null exception at 0x000001b1daa4474a to 0x000001b1daa44f1e
Event: 229.279 Thread 0x000001b1efe75050 Implicit null exception at 0x000001b1daa50d1c to 0x000001b1daa514b2
Event: 234.631 Thread 0x000001b1efe75050 Implicit null exception at 0x000001b1daa7006e to 0x000001b1daa707c6
Event: 241.326 Thread 0x000001b1efe75050 Exception <a 'java/lang/ClassNotFoundException'{0x000000008ce27878}: build_b7nz91lkkfigwjwprca8ozdhoBeanInfo> (0x000000008ce27878) 
thrown [s\open\src\hotspot\share\classfile\systemDictionary.cpp, line 257]
Event: 241.360 Thread 0x000001b1efe75050 Exception <a 'java/lang/ClassNotFoundException'{0x000000008ce2efd8}: build_b7nz91lkkfigwjwprca8ozdhoCustomizer> (0x000000008ce2efd8) 
thrown [s\open\src\hotspot\share\classfile\systemDictionary.cpp, line 257]

VM Operations (20 events):
Event: 263.830 Executing VM operation: Cleanup done
Event: 270.904 Executing VM operation: Cleanup
Event: 270.905 Executing VM operation: Cleanup done
Event: 274.947 Executing VM operation: Cleanup
Event: 274.993 Executing VM operation: Cleanup done
Event: 280.885 Executing VM operation: G1CollectForAllocation
Event: 284.003 Executing VM operation: G1CollectForAllocation done
Event: 285.003 Executing VM operation: Cleanup
Event: 285.254 Executing VM operation: Cleanup done
Event: 286.263 Executing VM operation: Cleanup
Event: 286.263 Executing VM operation: Cleanup done
Event: 288.288 Executing VM operation: Cleanup
Event: 288.288 Executing VM operation: Cleanup done
Event: 292.326 Executing VM operation: Cleanup
Event: 292.327 Executing VM operation: Cleanup done
Event: 293.355 Executing VM operation: G1CollectForAllocation
Event: 294.055 Executing VM operation: G1CollectForAllocation done
Event: 295.067 Executing VM operation: Cleanup
Event: 295.068 Executing VM operation: Cleanup done
Event: 296.997 Executing VM operation: G1CollectForAllocation

Events (20 events):
Event: 164.687 Thread 0x000001b1f2729470 Thread exited: 0x000001b1f2729470
Event: 164.688 Thread 0x000001b1f272bfc0 Thread exited: 0x000001b1f272bfc0
Event: 164.692 Thread 0x000001b1f272b620 Thread exited: 0x000001b1f272b620
Event: 165.310 Thread 0x000001b1e9c34c30 flushing nmethod 0x000001b1d2cd8a90
Event: 165.323 Thread 0x000001b1e9c34c30 flushing nmethod 0x000001b1d2db3890
Event: 165.331 Thread 0x000001b1e9c34c30 flushing nmethod 0x000001b1d2df9190
Event: 165.331 Thread 0x000001b1e9c34c30 flushing nmethod 0x000001b1d2e19b10
Event: 165.407 Thread 0x000001b1e9c34c30 flushing nmethod 0x000001b1d336da10
Event: 165.407 Thread 0x000001b1e9c34c30 flushing nmethod 0x000001b1d3371910
Event: 165.476 Thread 0x000001b1e9c34c30 flushing nmethod 0x000001b1d3845910
Event: 166.922 Thread 0x000001b1f033ac80 Thread exited: 0x000001b1f033ac80
Event: 171.802 Thread 0x000001b1f272bfc0 Thread added: 0x000001b1f272bfc0
Event: 172.215 Thread 0x000001b1f2729470 Thread added: 0x000001b1f2729470
Event: 172.215 Thread 0x000001b1f272b620 Thread added: 0x000001b1f272b620
Event: 185.870 Thread 0x000001b1f033dca0 Thread added: 0x000001b1f033dca0
Event: 227.231 Thread 0x000001b1f0520790 Thread exited: 0x000001b1f0520790
Event: 263.830 Thread 0x000001b1f272bfc0 Thread exited: 0x000001b1f272bfc0
Event: 263.830 Thread 0x000001b1f2729470 Thread exited: 0x000001b1f2729470
Event: 263.882 Thread 0x000001b1f272b620 Thread exited: 0x000001b1f272b620
Event: 287.610 Thread 0x000001b1f05202c0 Thread exited: 0x000001b1f05202c0


Dynamic libraries:
0x00007ff71da70000 - 0x00007ff71da80000 	C:\Program Files\Java\jdk-17.0.20\bin\java.exe
0x00007ff8f4860000 - 0x00007ff8f4ac6000 	C:\WINDOWS\SYSTEM32\ntdll.dll
0x00007ff8f44f0000 - 0x00007ff8f45b9000 	C:\WINDOWS\System32\KERNEL32.DLL
0x00007ff8f1c70000 - 0x00007ff8f206e000 	C:\WINDOWS\System32\KERNELBASE.dll
0x00007ff8f2350000 - 0x00007ff8f249c000 	C:\WINDOWS\System32\ucrtbase.dll
0x00007ff8bb9f0000 - 0x00007ff8bba09000 	C:\Program Files\Java\jdk-17.0.20\bin\jli.dll
0x00007ff8bb9a0000 - 0x00007ff8bb9be000 	C:\Program Files\Java\jdk-17.0.20\bin\VCRUNTIME140.dll
0x00007ff8f31d0000 - 0x00007ff8f3287000 	C:\WINDOWS\System32\ADVAPI32.dll
0x00007ff8f2590000 - 0x00007ff8f2639000 	C:\WINDOWS\System32\msvcrt.dll
0x00007ff8f4630000 - 0x00007ff8f46da000 	C:\WINDOWS\System32\sechost.dll
0x00007ff8f2900000 - 0x00007ff8f2a18000 	C:\WINDOWS\System32\RPCRT4.dll
0x00007ff8f2e90000 - 0x00007ff8f3057000 	C:\WINDOWS\System32\USER32.dll
0x00007ff8d5e40000 - 0x00007ff8d60d2000 	C:\WINDOWS\WinSxS\amd64_microsoft.windows.common-controls_6595b64144ccf1df_6.0.26100.8875_none_3e0d5d42e32fe9dd\COMCTL32.dll
0x00007ff8f24b0000 - 0x00007ff8f24d7000 	C:\WINDOWS\System32\win32u.dll
0x00007ff8f3060000 - 0x00007ff8f308b000 	C:\WINDOWS\System32\GDI32.dll
0x00007ff8f1b40000 - 0x00007ff8f1c6a000 	C:\WINDOWS\System32\gdi32full.dll
0x00007ff8f24e0000 - 0x00007ff8f2583000 	C:\WINDOWS\System32\msvcp_win.dll
0x00007ff8ea3f0000 - 0x00007ff8ea3fb000 	C:\WINDOWS\SYSTEM32\VERSION.dll
0x00007ff8f3190000 - 0x00007ff8f31c2000 	C:\WINDOWS\System32\IMM32.DLL
0x00007ff8c2710000 - 0x00007ff8c271c000 	C:\Program Files\Java\jdk-17.0.20\bin\vcruntime140_1.dll
0x00007ff883d10000 - 0x00007ff883d9d000 	C:\Program Files\Java\jdk-17.0.20\bin\msvcp140.dll
0x00007ff870dd0000 - 0x00007ff8719b5000 	C:\Program Files\Java\jdk-17.0.20\bin\server\jvm.dll
0x00007ff8f4200000 - 0x00007ff8f4208000 	C:\WINDOWS\System32\PSAPI.DLL
0x00007ff8b59d0000 - 0x00007ff8b59da000 	C:\WINDOWS\SYSTEM32\WSOCK32.dll
0x00007ff8f4260000 - 0x00007ff8f42e0000 	C:\WINDOWS\System32\WS2_32.dll
0x00007ff8e7b30000 - 0x00007ff8e7b66000 	C:\WINDOWS\SYSTEM32\WINMM.dll
0x00007ff8f06c0000 - 0x00007ff8f06db000 	C:\WINDOWS\SYSTEM32\kernel.appcore.dll
0x00007ff8bb9e0000 - 0x00007ff8bb9ea000 	C:\Program Files\Java\jdk-17.0.20\bin\jimage.dll
0x00007ff8ef290000 - 0x00007ff8ef4d2000 	C:\WINDOWS\SYSTEM32\DBGHELP.DLL
0x00007ff8f2a20000 - 0x00007ff8f2da3000 	C:\WINDOWS\System32\combase.dll
0x00007ff8f2db0000 - 0x00007ff8f2e89000 	C:\WINDOWS\System32\OLEAUT32.dll
0x00007ff8de290000 - 0x00007ff8de2cb000 	C:\WINDOWS\SYSTEM32\dbgcore.DLL
0x00007ff8f2290000 - 0x00007ff8f233c000 	C:\WINDOWS\System32\bcryptPrimitives.dll
0x00007ff8e0ec0000 - 0x00007ff8e0ecf000 	C:\Program Files\Java\jdk-17.0.20\bin\instrument.dll
0x00007ff883ce0000 - 0x00007ff883d06000 	C:\Program Files\Java\jdk-17.0.20\bin\java.dll
0x00007ff883c00000 - 0x00007ff883cd7000 	C:\Program Files\Java\jdk-17.0.20\bin\jsvml.dll
0x00007ff8f32a0000 - 0x00007ff8f3a32000 	C:\WINDOWS\System32\SHELL32.dll
0x00007ff8ef510000 - 0x00007ff8efda2000 	C:\WINDOWS\SYSTEM32\windows.storage.dll
0x00007ff8f2640000 - 0x00007ff8f2737000 	C:\WINDOWS\System32\SHCORE.dll
0x00007ff8f45c0000 - 0x00007ff8f4627000 	C:\WINDOWS\System32\shlwapi.dll
0x00007ff8f19a0000 - 0x00007ff8f19c9000 	C:\WINDOWS\SYSTEM32\profapi.dll
0x00007ff8b1240000 - 0x00007ff8b1258000 	C:\Program Files\Java\jdk-17.0.20\bin\zip.dll
0x00007ff8ba310000 - 0x00007ff8ba32b000 	C:\Program Files\Java\jdk-17.0.20\bin\net.dll
0x00007ff8e9ac0000 - 0x00007ff8e9be7000 	C:\WINDOWS\SYSTEM32\WINHTTP.dll
0x00007ff8f0d10000 - 0x00007ff8f0d7c000 	C:\WINDOWS\system32\mswsock.dll
0x00007ff8b69d0000 - 0x00007ff8b69e6000 	C:\Program Files\Java\jdk-17.0.20\bin\nio.dll
0x00007ff8e0ed0000 - 0x00007ff8e0ee0000 	C:\Program Files\Java\jdk-17.0.20\bin\verify.dll
0x00007ff872d30000 - 0x00007ff872d57000 	C:\Users\surya\.gradle\native\660c5614fbf4a5f2a75b1949f50a0caf5cd603558e7d8a26e50b933a0cfb79d1\windows-amd64\native-platform.dll
0x00007ff8681d0000 - 0x00007ff868247000 	C:\Users\surya\.gradle\native\0.2.8\x86_64-windows-gnu\gradle-fileevents.dll
0x00007ff8ba3e0000 - 0x00007ff8ba3ea000 	C:\Program Files\Java\jdk-17.0.20\bin\management.dll
0x00007ff8930c0000 - 0x00007ff8930cc000 	C:\Program Files\Java\jdk-17.0.20\bin\management_ext.dll
0x00007ff8f00e0000 - 0x00007ff8f0113000 	C:\WINDOWS\SYSTEM32\IPHLPAPI.DLL
0x00007ff8f42f0000 - 0x00007ff8f42fa000 	C:\WINDOWS\System32\NSI.dll
0x00007ff8ea400000 - 0x00007ff8ea41d000 	C:\WINDOWS\SYSTEM32\dhcpcsvc6.DLL
0x00007ff8ea0d0000 - 0x00007ff8ea0f5000 	C:\WINDOWS\SYSTEM32\dhcpcsvc.DLL
0x00007ff8f0170000 - 0x00007ff8f02c6000 	C:\WINDOWS\SYSTEM32\DNSAPI.dll
0x00007ff8f0af0000 - 0x00007ff8f0afd000 	C:\WINDOWS\SYSTEM32\DSPARSE.dll
0x00007ff8f1010000 - 0x00007ff8f102b000 	C:\WINDOWS\SYSTEM32\CRYPTSP.dll
0x00007ff8f06e0000 - 0x00007ff8f0719000 	C:\WINDOWS\system32\rsaenh.dll
0x00007ff8f0dd0000 - 0x00007ff8f0e02000 	C:\WINDOWS\SYSTEM32\USERENV.dll
0x00007ff8f1970000 - 0x00007ff8f199a000 	C:\WINDOWS\SYSTEM32\bcrypt.dll
0x00007ff8f1030000 - 0x00007ff8f103c000 	C:\WINDOWS\SYSTEM32\CRYPTBASE.dll
0x00007ff8e0eb0000 - 0x00007ff8e0ebe000 	C:\Program Files\Java\jdk-17.0.20\bin\sunmscapi.dll
0x00007ff8f2080000 - 0x00007ff8f21f8000 	C:\WINDOWS\System32\CRYPT32.dll
0x00007ff8f1250000 - 0x00007ff8f1280000 	C:\WINDOWS\SYSTEM32\ncrypt.dll
0x00007ff8f1200000 - 0x00007ff8f123f000 	C:\WINDOWS\SYSTEM32\NTASN1.dll
0x00007ff8d03e0000 - 0x00007ff8d03e8000 	C:\WINDOWS\system32\wshunix.dll

dbghelp: loaded successfully - version: 4.0.5 - missing functions: none
symbol engine: initialized successfully - sym options: 0x614 - pdb path: .;C:\Program Files\Java\jdk-17.0.20\bin;C:\WINDOWS\SYSTEM32;C:\WINDOWS\WinSxS\amd64_microsoft.windows.common-controls_6595b64144ccf1df_6.0.26100.8875_none_3e0d5d42e32fe9dd;C:\Program Files\Java\jdk-17.0.20\bin\server;C:\Users\surya\.gradle\native\660c5614fbf4a5f2a75b1949f50a0caf5cd603558e7d8a26e50b933a0cfb79d1\windows-amd64;C:\Users\surya\.gradle\native\0.2.8\x86_64-windows-gnu

VM Arguments:
jvm_args: --add-opens=java.base/java.lang=ALL-UNNAMED --add-opens=java.base/java.lang.invoke=ALL-UNNAMED --add-opens=java.base/java.util=ALL-UNNAMED --add-opens=java.prefs/java.util.prefs=ALL-UNNAMED --add-exports=jdk.compiler/com.sun.tools.javac.api=ALL-UNNAMED --add-exports=jdk.compiler/com.sun.tools.javac.util=ALL-UNNAMED --add-opens=java.base/java.util=ALL-UNNAMED --add-opens=java.prefs/java.util.prefs=ALL-UNNAMED --add-opens=java.base/java.nio.charset=ALL-UNNAMED --add-opens=java.base/java.net=ALL-UNNAMED --add-opens=java.base/java.util.concurrent=ALL-UNNAMED --add-opens=java.base/java.util.concurrent.atomic=ALL-UNNAMED --add-opens=java.xml/javax.xml.namespace=ALL-UNNAMED --add-opens=java.base/java.time=ALL-UNNAMED -XX:MaxMetaspaceSize=512m -Xmx2048m -Dfile.encoding=windows-1252 -Duser.country=IN -Duser.language=en -Duser.variant -javaagent:C:\Users\surya\.gradle\wrapper\dists\gradle-9.3.1-bin\23ovyewtku6u96viwx3xl3oks\gradle-9.3.1\lib\agents\gradle-instrumentation-agent-9.3.1.jar 
java_command: org.gradle.launcher.daemon.bootstrap.GradleDaemon 9.3.1
java_class_path (initial): C:\Users\surya\.gradle\wrapper\dists\gradle-9.3.1-bin\23ovyewtku6u96viwx3xl3oks\gradle-9.3.1\lib\gradle-daemon-main-9.3.1.jar
Launcher Type: SUN_STANDARD

[Global flags]
     intx CICompilerCount                          = 4                                         {product} {ergonomic}
   size_t CompressedClassSpaceSize                 = 436207616                                 {product} {ergonomic}
     uint ConcGCThreads                            = 3                                         {product} {ergonomic}
     uint G1ConcRefinementThreads                  = 10                                        {product} {ergonomic}
   size_t G1HeapRegionSize                         = 1048576                                   {product} {ergonomic}
    uintx GCDrainStackTargetSize                   = 64                                        {product} {ergonomic}
   size_t InitialHeapSize                          = 98566144                                  {product} {ergonomic}
   size_t MarkStackSize                            = 4194304                                   {product} {ergonomic}
   size_t MaxHeapSize                              = 2147483648                                {product} {command line}
   size_t MaxMetaspaceSize                         = 536870912                                 {product} {command line}
   size_t MaxNewSize                               = 1287651328                                {product} {ergonomic}
   size_t MinHeapDeltaBytes                        = 1048576                                   {product} {ergonomic}
   size_t MinHeapSize                              = 8388608                                   {product} {ergonomic}
    uintx NonNMethodCodeHeapSize                   = 5839372                                {pd product} {ergonomic}
    uintx NonProfiledCodeHeapSize                  = 122909434                              {pd product} {ergonomic}
    uintx ProfiledCodeHeapSize                     = 122909434                              {pd product} {ergonomic}
    uintx ReservedCodeCacheSize                    = 251658240                              {pd product} {ergonomic}
     bool SegmentedCodeCache                       = true                                      {product} {ergonomic}
   size_t SoftMaxHeapSize                          = 2147483648                             {manageable} {ergonomic}
     bool UseCompressedClassPointers               = true                           {product lp64_product} {ergonomic}
     bool UseCompressedOops                        = true                           {product lp64_product} {ergonomic}
     bool UseG1GC                                  = true                                      {product} {ergonomic}
     bool UseLargePagesIndividualAllocation        = false                                  {pd product} {ergonomic}

Logging:
Log output configuration:
 #0: stdout all=warning uptime,level,tags
 #1: stderr all=off uptime,level,tags

Environment Variables:
JAVA_HOME=C:\Program Files\Java\jdk-17.0.20
PATH=C:\Lalataksha V Company\Ev scooter\ev-scooter-app\EVSCOOTER\node_modules\.bin;C:\Lalataksha V Company\Ev scooter\ev-scooter-app\node_modules\.bin;C:\Lalataksha V Company\Ev scooter\node_modules\.bin;C:\Lalataksha V Company\node_modules\.bin;C:\node_modules\.bin;C:\Users\surya\AppData\Roaming\npm\node_modules\npm\node_modules\@npmcli\run-script\lib\node-gyp-bin;C:\app\surya\product\21c\dbhomeXE\bin;C:\Program Files\Common Files\Oracle\Java\javapath;C:\Python313\Scripts\;C:\Python313\;C:\Python312\Scripts\;C:\Python312\;C:\WINDOWS\system32;C:\WINDOWS;C:\WINDOWS\System32\Wbem;C:\WINDOWS\System32\WindowsPowerShell\v1.0\;C:\WINDOWS\System32\OpenSSH\;C:\MinGW;C:\ProgramData\chocolatey\bin;C:\Program Files\nodejs\;C:\Program Files\Git\cmd;C:\Code Demo\JAVA Demo\apache-tomcat-11.0.4\bin;C:\Program Files\Java\jdk-25\bin;C:\Users\surya\Downloads\Release-25.12.0-0\poppler-25.12.0\Library\bin;C:\Program Files\Tesseract-OCR\;C:\Program Files\Amazon\AWSCLIV2\;C:\Users\surya\Downloads\Release-26.02.0-0\poppler-26.02.0\Library\bin;C:\Users\surya\AppData\Local\Programs\Python\Python310\Scripts\;C:\Users\surya\AppData\Local\Programs\Python\Python310\;C:\Users\surya\AppData\Local\Microsoft\WindowsApps;C:\Program Files\JetBrains\PyCharm Community Edition 2024.1.4\bin;;C:\Users\surya\AppData\Roaming\npm;C:\Users\surya\OneDrive\Desktop\Flutter\flutter\bin;C:\Users\surya\AppData\Local\Programs\Ollama;C:\Users\surya\AppData\Local\Programs\Antigravity IDE\bin;C:\Users\surya\AppData\Local\Android\Sdk\platform-tools;c:\Users\surya\.antigravity-ide\extensions\vscjava.vscode-java-debug-0.59.0-universal\bundled\scripts\noConfigScripts
USERNAME=surya
LANG=en_US.UTF-8
OS=Windows_NT
PROCESSOR_IDENTIFIER=AMD64 Family 23 Model 104 Stepping 1, AuthenticAMD



---------------  S Y S T E M  ---------------

OS:
 Windows 11 , 64 bit Build 26100 (10.0.26100.8875)
OS uptime: 0 days 0:55 hours
Hyper-V role detected

CPU: total 12 (initial active 12) (12 cores per cpu, 2 threads per core) family 23 model 104 stepping 1 microcode 0x8608109, cx8, cmov, fxsr, ht, mmx, 3dnowpref, sse, sse2, sse3, ssse3, sse4a, sse4.1, sse4.2, popcnt, lzcnt, tsc, tscinvbit, avx, avx2, aes, clmul, bmi1, bmi2, adx, sha, fma, vzeroupper, clflush, clflushopt, hv

Memory: 4k page, system-wide physical 5989M (954M free)
TotalPageFile size 24421M (AvailPageFile size 200M)
current process WorkingSet (physical memory assigned to process): 175M, peak: 292M
current process commit charge ("private bytes"): 634M, peak: 916M

vm_info: Java HotSpot(TM) 64-Bit Server VM (17.0.20+7-LTS-191) for windows-amd64 JRE (17.0.20+7-LTS-191), built on Jun  2 2026 05:29:36 by "mach5run" with MS VC++ 17.13 (VS2022)

END.
